traffic_type,packet_count,total_bytes,avg_packet_length,min_packet_length,max_packet_length,duration,packets_per_second,bytes_per_second,tcp_count,udp_count,icmp_count,syn_count,ack_count,rst_count,fin_count,psh_count,urg_count,unique_src_ports,unique_dst_ports,unique_src_ips,unique_dst_ips,port_20_count,port_21_count,port_22_count,port_80_count,port_443_count,top_dst_port,avg_bytes_per_pkt,rst_syn_ratio,rst_per_second,unique_src_ports_log,port_entropy,port22_rst_product,port22_src_diversity,label
normal_ping,2,196,98.0,98,98,8.487701416015625e-05,23563.505617977527,2309223.550561798,0,0,2,0,0,0,0,0,0,0,0,2,2,0,0,0,0,0,0,65.33333333333333,0.0,0.0,0.0,0.0,0,0,0
normal_ping,2,196,98.0,98,98,0.00016307830810546875,12264.04678362573,1201876.5847953216,0,0,2,0,0,0,0,0,0,0,0,2,2,0,0,0,0,0,0,65.33333333333333,0.0,0.0,0.0,0.0,0,0,0
normal_ping,2,196,98.0,98,98,9.989738464355469e-05,20020.54415274463,1962013.3269689737,0,0,2,0,0,0,0,0,0,0,0,2,2,0,0,0,0,0,0,65.33333333333333,0.0,0.0,0.0,0.0,0,0,0
normal_ping,2,196,98.0,98,98,9.799003601074219e-05,20410.238442822385,2000203.3673965936,0,0,2,0,0,0,0,0,0,0,0,2,2,0,0,0,0,0,0,65.33333333333333,0.0,0.0,0.0,0.0,0,0,0
normal_ping,2,196,98.0,98,98,0.00011205673217773438,17848.102127659575,1749114.0085106383,0,0,2,0,0,0,0,0,0,0,0,2,2,0,0,0,0,0,0,65.33333333333333,0.0,0.0,0.0,0.0,0,0,0
normal_ping,2,196,98.0,98,98,8.606910705566406e-05,23237.141274238227,2277239.8448753464,0,0,2,0,0,0,0,0,0,0,0,2,2,0,0,0,0,0,0,65.33333333333333,0.0,0.0,0.0,0.0,0,0,0
normal_ping,2,196,98.0,98,98,0.0001068115234375,18724.571428571428,1835008.0,0,0,2,0,0,0,0,0,0,0,0,2,2,0,0,0,0,0,0,65.33333333333333,0.0,0.0,0.0,0.0,0,0,0
normal_ping,2,196,98.0,98,98,0.00011587142944335938,17260.510288065845,1691530.0082304527,0,0,2,0,0,0,0,0,0,0,0,2,2,0,0,0,0,0,0,65.33333333333333,0.0,0.0,0.0,0.0,0,0,0
normal_ping,2,196,98.0,98,98,0.00010895729064941406,18355.816192560174,1798869.9868708972,0,0,2,0,0,0,0,0,0,0,0,2,2,0,0,0,0,0,0,65.33333333333333,0.0,0.0,0.0,0.0,0,0,0
normal_ping,2,196,98.0,98,98,0.00010013580322265625,19972.876190476192,1957341.8666666667,0,0,2,0,0,0,0,0,0,0,0,2,2,0,0,0,0,0,0,65.33333333333333,0.0,0.0,0.0,0.0,0,0,0
normal_ping,2,196,98.0,98,98,0.00017499923706054688,11428.621253405994,1120004.8828337875,0,0,2,0,0,0,0,0,0,0,0,2,2,0,0,0,0,0,0,65.33333333333333,0.0,0.0,0.0,0.0,0,0,0
normal_ping,2,196,98.0,98,98,8.487701416015625e-05,23563.505617977527,2309223.550561798,0,0,2,0,0,0,0,0,0,0,0,2,2,0,0,0,0,0,0,65.33333333333333,0.0,0.0,0.0,0.0,0,0,0
normal_ping,2,196,98.0,98,98,0.0001659393310546875,12052.597701149425,1181154.5747126436,0,0,2,0,0,0,0,0,0,0,0,2,2,0,0,0,0,0,0,65.33333333333333,0.0,0.0,0.0,0.0,0,0,0
normal_ping,2,196,98.0,98,98,0.00010800361633300781,18517.898454746137,1814754.0485651214,0,0,2,0,0,0,0,0,0,0,0,2,2,0,0,0,0,0,0,65.33333333333333,0.0,0.0,0.0,0.0,0,0,0
normal_ping,2,196,98.0,98,98,0.0001010894775390625,19784.45283018868,1938876.3773584906,0,0,2,0,0,0,0,0,0,0,0,2,2,0,0,0,0,0,0,65.33333333333333,0.0,0.0,0.0,0.0,0,0,0
normal_ping,2,196,98.0,98,98,0.000102996826171875,19418.074074074073,1902971.2592592593,0,0,2,0,0,0,0,0,0,0,0,2,2,0,0,0,0,0,0,65.33333333333333,0.0,0.0,0.0,0.0,0,0,0
normal_ping,2,196,98.0,98,98,0.0001049041748046875,19065.01818181818,1868371.7818181817,0,0,2,0,0,0,0,0,0,0,0,2,2,0,0,0,0,0,0,65.33333333333333,0.0,0.0,0.0,0.0,0,0,0
normal_ping,2,196,98.0,98,98,9.393692016601562e-05,21290.883248730963,2086506.5583756345,0,0,2,0,0,0,0,0,0,0,0,2,2,0,0,0,0,0,0,65.33333333333333,0.0,0.0,0.0,0.0,0,0,0
normal_ping,2,196,98.0,98,98,9.703636169433594e-05,20610.830466830466,2019861.3857493857,0,0,2,0,0,0,0,0,0,0,0,2,2,0,0,0,0,0,0,65.33333333333333,0.0,0.0,0.0,0.0,0,0,0
normal_ping,2,196,98.0,98,98,0.00014901161193847656,13421.7728,1315333.7344,0,0,2,0,0,0,0,0,0,0,0,2,2,0,0,0,0,0,0,65.33333333333333,0.0,0.0,0.0,0.0,0,0,0
normal_ping,3,283,94.33333333333333,87,98,0.9328391551971436,3.215988504862865,303.37491562539697,0,1,2,0,0,0,0,0,0,1,1,2,3,0,0,0,0,0,5353,70.75,0.0,0.0,0.6931471805599453,0.25,0,0,0
normal_ping,2,196,98.0,98,98,0.00011086463928222656,18040.017204301075,1767921.6860215054,0,0,2,0,0,0,0,0,0,0,0,2,2,0,0,0,0,0,0,65.33333333333333,0.0,0.0,0.0,0.0,0,0,0
normal_ping,2,196,98.0,98,98,0.00011992454528808594,16677.153081510933,1634361.0019880715,0,0,2,0,0,0,0,0,0,0,0,2,2,0,0,0,0,0,0,65.33333333333333,0.0,0.0,0.0,0.0,0,0,0
normal_ping,2,196,98.0,98,98,0.00012302398681640625,16256.992248062015,1593185.2403100776,0,0,2,0,0,0,0,0,0,0,0,2,2,0,0,0,0,0,0,65.33333333333333,0.0,0.0,0.0,0.0,0,0,0
normal_ping,2,196,98.0,98,98,0.00011610984802246094,17225.067761806982,1688056.6406570843,0,0,2,0,0,0,0,0,0,0,0,2,2,0,0,0,0,0,0,65.33333333333333,0.0,0.0,0.0,0.0,0,0,0
normal_ping,2,196,98.0,98,98,0.0001239776611328125,16131.938461538462,1580929.9692307692,0,0,2,0,0,0,0,0,0,0,0,2,2,0,0,0,0,0,0,65.33333333333333,0.0,0.0,0.0,0.0,0,0,0
normal_ping,2,196,98.0,98,98,9.703636169433594e-05,20610.830466830466,2019861.3857493857,0,0,2,0,0,0,0,0,0,0,0,2,2,0,0,0,0,0,0,65.33333333333333,0.0,0.0,0.0,0.0,0,0,0
normal_ping,2,196,98.0,98,98,0.00016689300537109375,11983.725714285714,1174405.12,0,0,2,0,0,0,0,0,0,0,0,2,2,0,0,0,0,0,0,65.33333333333333,0.0,0.0,0.0,0.0,0,0,0
normal_ping,2,196,98.0,98,98,0.00011515617370605469,17367.718426501036,1702036.4057971016,0,0,2,0,0,0,0,0,0,0,0,2,2,0,0,0,0,0,0,65.33333333333333,0.0,0.0,0.0,0.0,0,0,0
normal_ping,2,196,98.0,98,98,8.797645568847656e-05,22733.355013550135,2227868.7913279133,0,0,2,0,0,0,0,0,0,0,0,2,2,0,0,0,0,0,0,65.33333333333333,0.0,0.0,0.0,0.0,0,0,0
normal_ping,2,196,98.0,98,98,0.0003521442413330078,5679.490859851049,556590.1042654029,0,0,2,0,0,0,0,0,0,0,0,2,2,0,0,0,0,0,0,65.33333333333333,0.0,0.0,0.0,0.0,0,0,0
normal_ping,2,196,98.0,98,98,9.894371032714844e-05,20213.51325301205,1980924.2987951806,0,0,2,0,0,0,0,0,0,0,0,2,2,0,0,0,0,0,0,65.33333333333333,0.0,0.0,0.0,0.0,0,0,0
normal_ping,2,196,98.0,98,98,9.918212890625e-05,20164.923076923078,1976162.4615384615,0,0,2,0,0,0,0,0,0,0,0,2,2,0,0,0,0,0,0,65.33333333333333,0.0,0.0,0.0,0.0,0,0,0
normal_ping,2,196,98.0,98,98,9.799003601074219e-05,20410.238442822385,2000203.3673965936,0,0,2,0,0,0,0,0,0,0,0,2,2,0,0,0,0,0,0,65.33333333333333,0.0,0.0,0.0,0.0,0,0,0
normal_ping,2,196,98.0,98,98,8.606910705566406e-05,23237.141274238227,2277239.8448753464,0,0,2,0,0,0,0,0,0,0,0,2,2,0,0,0,0,0,0,65.33333333333333,0.0,0.0,0.0,0.0,0,0,0
normal_ping,2,196,98.0,98,98,0.00011110305786132812,18001.304721030043,1764127.8626609442,0,0,2,0,0,0,0,0,0,0,0,2,2,0,0,0,0,0,0,65.33333333333333,0.0,0.0,0.0,0.0,0,0,0
normal_ping,2,196,98.0,98,98,0.00017404556274414062,11491.243835616438,1126141.895890411,0,0,2,0,0,0,0,0,0,0,0,2,2,0,0,0,0,0,0,65.33333333333333,0.0,0.0,0.0,0.0,0,0,0
normal_ping,2,196,98.0,98,98,9.179115295410156e-05,21788.592207792208,2135282.036363636,0,0,2,0,0,0,0,0,0,0,0,2,2,0,0,0,0,0,0,65.33333333333333,0.0,0.0,0.0,0.0,0,0,0
normal_ping,2,196,98.0,98,98,9.989738464355469e-05,20020.54415274463,1962013.3269689737,0,0,2,0,0,0,0,0,0,0,0,2,2,0,0,0,0,0,0,65.33333333333333,0.0,0.0,0.0,0.0,0,0,0
normal_ping,2,196,98.0,98,98,0.00012302398681640625,16256.992248062015,1593185.2403100776,0,0,2,0,0,0,0,0,0,0,0,2,2,0,0,0,0,0,0,65.33333333333333,0.0,0.0,0.0,0.0,0,0,0
normal_ping,2,196,98.0,98,98,9.202957153320312e-05,21732.145077720208,2129750.2176165804,0,0,2,0,0,0,0,0,0,0,0,2,2,0,0,0,0,0,0,65.33333333333333,0.0,0.0,0.0,0.0,0,0,0
normal_ping,2,196,98.0,98,98,0.00011610984802246094,17225.067761806982,1688056.6406570843,0,0,2,0,0,0,0,0,0,0,0,2,2,0,0,0,0,0,0,65.33333333333333,0.0,0.0,0.0,0.0,0,0,0
normal_ping,2,196,98.0,98,98,0.0001308917999267578,15279.795992714025,1497420.0072859745,0,0,2,0,0,0,0,0,0,0,0,2,2,0,0,0,0,0,0,65.33333333333333,0.0,0.0,0.0,0.0,0,0,0
normal_ping,2,196,98.0,98,98,0.000102996826171875,19418.074074074073,1902971.2592592593,0,0,2,0,0,0,0,0,0,0,0,2,2,0,0,0,0,0,0,65.33333333333333,0.0,0.0,0.0,0.0,0,0,0
normal_ping,2,196,98.0,98,98,0.00010609626770019531,18850.804494382024,1847378.8404494382,0,0,2,0,0,0,0,0,0,0,0,2,2,0,0,0,0,0,0,65.33333333333333,0.0,0.0,0.0,0.0,0,0,0
normal_ping,2,196,98.0,98,98,0.0002319812774658203,8621.385405960946,844895.7697841726,0,0,2,0,0,0,0,0,0,0,0,2,2,0,0,0,0,0,0,65.33333333333333,0.0,0.0,0.0,0.0,0,0,0
normal_ping,2,196,98.0,98,98,0.000141143798828125,14169.945945945947,1388654.7027027027,0,0,2,0,0,0,0,0,0,0,0,2,2,0,0,0,0,0,0,65.33333333333333,0.0,0.0,0.0,0.0,0,0,0
normal_ping,2,196,98.0,98,98,0.00010991096496582031,18196.546637744035,1783261.5704989154,0,0,2,0,0,0,0,0,0,0,0,2,2,0,0,0,0,0,0,65.33333333333333,0.0,0.0,0.0,0.0,0,0,0
normal_ping,2,196,98.0,98,98,0.00011801719665527344,16946.68282828283,1660774.9171717172,0,0,2,0,0,0,0,0,0,0,0,2,2,0,0,0,0,0,0,65.33333333333333,0.0,0.0,0.0,0.0,0,0,0
normal_ping,2,196,98.0,98,98,0.0001289844512939453,15505.744916820702,1519563.0018484287,0,0,2,0,0,0,0,0,0,0,0,2,2,0,0,0,0,0,0,65.33333333333333,0.0,0.0,0.0,0.0,0,0,0
normal_ping,2,196,98.0,98,98,0.00012493133544921875,16008.79389312977,1568861.8015267176,0,0,2,0,0,0,0,0,0,0,0,2,2,0,0,0,0,0,0,65.33333333333333,0.0,0.0,0.0,0.0,0,0,0
normal_ping,2,196,98.0,98,98,0.00022792816162109375,8774.694560669455,859920.0669456067,0,0,2,0,0,0,0,0,0,0,0,2,2,0,0,0,0,0,0,65.33333333333333,0.0,0.0,0.0,0.0,0,0,0
normal_ping,2,196,98.0,98,98,0.00013589859008789062,14716.856140350877,1442251.901754386,0,0,2,0,0,0,0,0,0,0,0,2,2,0,0,0,0,0,0,65.33333333333333,0.0,0.0,0.0,0.0,0,0,0
normal_ping,2,196,98.0,98,98,0.00010704994201660156,18682.86859688196,1830921.1224944321,0,0,2,0,0,0,0,0,0,0,0,2,2,0,0,0,0,0,0,65.33333333333333,0.0,0.0,0.0,0.0,0,0,0
normal_ping,2,196,98.0,98,98,0.00018215179443359375,10979.853403141362,1076025.6335078534,0,0,2,0,0,0,0,0,0,0,0,2,2,0,0,0,0,0,0,65.33333333333333,0.0,0.0,0.0,0.0,0,0,0
normal_ping,2,196,98.0,98,98,0.00011706352233886719,17084.741344195518,1674304.651731161,0,0,2,0,0,0,0,0,0,0,0,2,2,0,0,0,0,0,0,65.33333333333333,0.0,0.0,0.0,0.0,0,0,0
normal_ping,2,196,98.0,98,98,8.797645568847656e-05,22733.355013550135,2227868.7913279133,0,0,2,0,0,0,0,0,0,0,0,2,2,0,0,0,0,0,0,65.33333333333333,0.0,0.0,0.0,0.0,0,0,0
normal_ping,2,196,98.0,98,98,0.00010514259338378906,19021.786848072563,1864135.111111111,0,0,2,0,0,0,0,0,0,0,0,2,2,0,0,0,0,0,0,65.33333333333333,0.0,0.0,0.0,0.0,0,0,0
normal_ping,2,196,98.0,98,98,8.392333984375e-05,23831.272727272728,2335464.727272727,0,0,2,0,0,0,0,0,0,0,0,2,2,0,0,0,0,0,0,65.33333333333333,0.0,0.0,0.0,0.0,0,0,0
normal_ping,2,196,98.0,98,98,0.00012993812561035156,15391.94128440367,1508410.2458715597,0,0,2,0,0,0,0,0,0,0,0,2,2,0,0,0,0,0,0,65.33333333333333,0.0,0.0,0.0,0.0,0,0,0
normal_ping,2,196,98.0,98,98,0.00011110305786132812,18001.304721030043,1764127.8626609442,0,0,2,0,0,0,0,0,0,0,0,2,2,0,0,0,0,0,0,65.33333333333333,0.0,0.0,0.0,0.0,0,0,0
normal_ping,2,196,98.0,98,98,0.0002090930938720703,9565.117445838085,937381.5096921322,0,0,2,0,0,0,0,0,0,0,0,2,2,0,0,0,0,0,0,65.33333333333333,0.0,0.0,0.0,0.0,0,0,0
normal_ping,2,196,98.0,98,98,0.00014400482177734375,13888.423841059603,1361065.536423841,0,0,2,0,0,0,0,0,0,0,0,2,2,0,0,0,0,0,0,65.33333333333333,0.0,0.0,0.0,0.0,0,0,0
normal_ping,2,196,98.0,98,98,0.00012803077697753906,15621.243947858473,1530881.9068901304,0,0,2,0,0,0,0,0,0,0,0,2,2,0,0,0,0,0,0,65.33333333333333,0.0,0.0,0.0,0.0,0,0,0
normal_ping,2,196,98.0,98,98,0.00022602081298828125,8848.742616033755,867176.776371308,0,0,2,0,0,0,0,0,0,0,0,2,2,0,0,0,0,0,0,65.33333333333333,0.0,0.0,0.0,0.0,0,0,0
normal_ping,2,196,98.0,98,98,9.703636169433594e-05,20610.830466830466,2019861.3857493857,0,0,2,0,0,0,0,0,0,0,0,2,2,0,0,0,0,0,0,65.33333333333333,0.0,0.0,0.0,0.0,0,0,0
normal_ping,2,196,98.0,98,98,0.00010991096496582031,18196.546637744035,1783261.5704989154,0,0,2,0,0,0,0,0,0,0,0,2,2,0,0,0,0,0,0,65.33333333333333,0.0,0.0,0.0,0.0,0,0,0
normal_ping,2,196,98.0,98,98,0.0001251697540283203,15978.300952380952,1565873.4933333334,0,0,2,0,0,0,0,0,0,0,0,2,2,0,0,0,0,0,0,65.33333333333333,0.0,0.0,0.0,0.0,0,0,0
normal_ping,2,196,98.0,98,98,0.00011491775512695312,17403.7510373444,1705567.601659751,0,0,2,0,0,0,0,0,0,0,0,2,2,0,0,0,0,0,0,65.33333333333333,0.0,0.0,0.0,0.0,0,0,0
normal_ping,2,196,98.0,98,98,0.000102996826171875,19418.074074074073,1902971.2592592593,0,0,2,0,0,0,0,0,0,0,0,2,2,0,0,0,0,0,0,65.33333333333333,0.0,0.0,0.0,0.0,0,0,0
normal_ping,2,196,98.0,98,98,0.00010704994201660156,18682.86859688196,1830921.1224944321,0,0,2,0,0,0,0,0,0,0,0,2,2,0,0,0,0,0,0,65.33333333333333,0.0,0.0,0.0,0.0,0,0,0
normal_ping,2,196,98.0,98,98,0.00012302398681640625,16256.992248062015,1593185.2403100776,0,0,2,0,0,0,0,0,0,0,0,2,2,0,0,0,0,0,0,65.33333333333333,0.0,0.0,0.0,0.0,0,0,0
normal_ping,2,196,98.0,98,98,0.00010704994201660156,18682.86859688196,1830921.1224944321,0,0,2,0,0,0,0,0,0,0,0,2,2,0,0,0,0,0,0,65.33333333333333,0.0,0.0,0.0,0.0,0,0,0
normal_ping,2,196,98.0,98,98,0.0008399486541748047,2381.097927902356,233347.59693443088,0,0,2,0,0,0,0,0,0,0,0,2,2,0,0,0,0,0,0,65.33333333333333,0.0,0.0,0.0,0.0,0,0,0
normal_ping,2,196,98.0,98,98,0.0001418590545654297,14098.500840336135,1381653.0823529412,0,0,2,0,0,0,0,0,0,0,0,2,2,0,0,0,0,0,0,65.33333333333333,0.0,0.0,0.0,0.0,0,0,0
normal_ping,2,196,98.0,98,98,9.989738464355469e-05,20020.54415274463,1962013.3269689737,0,0,2,0,0,0,0,0,0,0,0,2,2,0,0,0,0,0,0,65.33333333333333,0.0,0.0,0.0,0.0,0,0,0
normal_ping,2,196,98.0,98,98,0.00011181831359863281,17886.15778251599,1752843.462686567,0,0,2,0,0,0,0,0,0,0,0,2,2,0,0,0,0,0,0,65.33333333333333,0.0,0.0,0.0,0.0,0,0,0
normal_ping,2,196,98.0,98,98,0.00011801719665527344,16946.68282828283,1660774.9171717172,0,0,2,0,0,0,0,0,0,0,0,2,2,0,0,0,0,0,0,65.33333333333333,0.0,0.0,0.0,0.0,0,0,0
normal_ping,2,196,98.0,98,98,0.00010013580322265625,19972.876190476192,1957341.8666666667,0,0,2,0,0,0,0,0,0,0,0,2,2,0,0,0,0,0,0,65.33333333333333,0.0,0.0,0.0,0.0,0,0,0
normal_ping,2,196,98.0,98,98,0.00010514259338378906,19021.786848072563,1864135.111111111,0,0,2,0,0,0,0,0,0,0,0,2,2,0,0,0,0,0,0,65.33333333333333,0.0,0.0,0.0,0.0,0,0,0
normal_ping,2,196,98.0,98,98,0.00011301040649414062,17697.48523206751,1734353.552742616,0,0,2,0,0,0,0,0,0,0,0,2,2,0,0,0,0,0,0,65.33333333333333,0.0,0.0,0.0,0.0,0,0,0
normal_ping,2,196,98.0,98,98,0.00010514259338378906,19021.786848072563,1864135.111111111,0,0,2,0,0,0,0,0,0,0,0,2,2,0,0,0,0,0,0,65.33333333333333,0.0,0.0,0.0,0.0,0,0,0
normal_ping,2,196,98.0,98,98,0.0001251697540283203,15978.300952380952,1565873.4933333334,0,0,2,0,0,0,0,0,0,0,0,2,2,0,0,0,0,0,0,65.33333333333333,0.0,0.0,0.0,0.0,0,0,0
normal_ping,2,196,98.0,98,98,9.107589721679688e-05,21959.706806282724,2152051.2670157067,0,0,2,0,0,0,0,0,0,0,0,2,2,0,0,0,0,0,0,65.33333333333333,0.0,0.0,0.0,0.0,0,0,0
normal_ping,2,196,98.0,98,98,0.00012493133544921875,16008.79389312977,1568861.8015267176,0,0,2,0,0,0,0,0,0,0,0,2,2,0,0,0,0,0,0,65.33333333333333,0.0,0.0,0.0,0.0,0,0,0
normal_ping,2,196,98.0,98,98,0.000102996826171875,19418.074074074073,1902971.2592592593,0,0,2,0,0,0,0,0,0,0,0,2,2,0,0,0,0,0,0,65.33333333333333,0.0,0.0,0.0,0.0,0,0,0
normal_ping,2,196,98.0,98,98,9.894371032714844e-05,20213.51325301205,1980924.2987951806,0,0,2,0,0,0,0,0,0,0,0,2,2,0,0,0,0,0,0,65.33333333333333,0.0,0.0,0.0,0.0,0,0,0
normal_ping,2,196,98.0,98,98,0.00011491775512695312,17403.7510373444,1705567.601659751,0,0,2,0,0,0,0,0,0,0,0,2,2,0,0,0,0,0,0,65.33333333333333,0.0,0.0,0.0,0.0,0,0,0
normal_ping,2,196,98.0,98,98,0.00011610984802246094,17225.067761806982,1688056.6406570843,0,0,2,0,0,0,0,0,0,0,0,2,2,0,0,0,0,0,0,65.33333333333333,0.0,0.0,0.0,0.0,0,0,0
normal_ping,2,196,98.0,98,98,0.00010704994201660156,18682.86859688196,1830921.1224944321,0,0,2,0,0,0,0,0,0,0,0,2,2,0,0,0,0,0,0,65.33333333333333,0.0,0.0,0.0,0.0,0,0,0
normal_ping,2,196,98.0,98,98,0.0001049041748046875,19065.01818181818,1868371.7818181817,0,0,2,0,0,0,0,0,0,0,0,2,2,0,0,0,0,0,0,65.33333333333333,0.0,0.0,0.0,0.0,0,0,0
normal_ping,2,196,98.0,98,98,0.00011706352233886719,17084.741344195518,1674304.651731161,0,0,2,0,0,0,0,0,0,0,0,2,2,0,0,0,0,0,0,65.33333333333333,0.0,0.0,0.0,0.0,0,0,0
normal_ping,2,196,98.0,98,98,9.799003601074219e-05,20410.238442822385,2000203.3673965936,0,0,2,0,0,0,0,0,0,0,0,2,2,0,0,0,0,0,0,65.33333333333333,0.0,0.0,0.0,0.0,0,0,0
normal_ping,2,196,98.0,98,98,9.608268737792969e-05,20815.40446650124,2039909.6377171215,0,0,2,0,0,0,0,0,0,0,0,2,2,0,0,0,0,0,0,65.33333333333333,0.0,0.0,0.0,0.0,0,0,0
normal_ping,2,196,98.0,98,98,0.00011491775512695312,17403.7510373444,1705567.601659751,0,0,2,0,0,0,0,0,0,0,0,2,2,0,0,0,0,0,0,65.33333333333333,0.0,0.0,0.0,0.0,0,0,0
normal_ping,2,196,98.0,98,98,0.00011515617370605469,17367.718426501036,1702036.4057971016,0,0,2,0,0,0,0,0,0,0,0,2,2,0,0,0,0,0,0,65.33333333333333,0.0,0.0,0.0,0.0,0,0,0
normal_ping,2,196,98.0,98,98,0.00010609626770019531,18850.804494382024,1847378.8404494382,0,0,2,0,0,0,0,0,0,0,0,2,2,0,0,0,0,0,0,65.33333333333333,0.0,0.0,0.0,0.0,0,0,0
normal_ping,4,392,98.0,98,98,0.9921350479125977,4.031709199685869,395.1075015692151,0,0,4,0,0,0,0,0,0,0,0,2,2,0,0,0,0,0,0,78.4,0.0,0.0,0.0,0.0,0,0,0
normal_ping,2,196,98.0,98,98,0.0001380443572998047,14488.096718480137,1419833.4784110535,0,0,2,0,0,0,0,0,0,0,0,2,2,0,0,0,0,0,0,65.33333333333333,0.0,0.0,0.0,0.0,0,0,0
normal_ping,2,196,98.0,98,98,0.00014710426330566406,13595.799027552674,1332388.304700162,0,0,2,0,0,0,0,0,0,0,0,2,2,0,0,0,0,0,0,65.33333333333333,0.0,0.0,0.0,0.0,0,0,0
normal_ping,2,196,98.0,98,98,0.00011086463928222656,18040.017204301075,1767921.6860215054,0,0,2,0,0,0,0,0,0,0,0,2,2,0,0,0,0,0,0,65.33333333333333,0.0,0.0,0.0,0.0,0,0,0
normal_ping,2,196,98.0,98,98,0.00013709068298339844,14588.88347826087,1429710.5808695653,0,0,2,0,0,0,0,0,0,0,0,2,2,0,0,0,0,0,0,65.33333333333333,0.0,0.0,0.0,0.0,0,0,0
normal_ping,2,196,98.0,98,98,9.417533874511719e-05,21236.982278481013,2081224.2632911392,0,0,2,0,0,0,0,0,0,0,0,2,2,0,0,0,0,0,0,65.33333333333333,0.0,0.0,0.0,0.0,0,0,0
normal_ping,2,196,98.0,98,98,0.0001399517059326172,14290.64395229983,1400483.1073253832,0,0,2,0,0,0,0,0,0,0,0,2,2,0,0,0,0,0,0,65.33333333333333,0.0,0.0,0.0,0.0,0,0,0
normal_ping,2,196,98.0,98,98,0.00020599365234375,9709.037037037036,951485.6296296297,0,0,2,0,0,0,0,0,0,0,0,2,2,0,0,0,0,0,0,65.33333333333333,0.0,0.0,0.0,0.0,0,0,0
normal_ping,2,196,98.0,98,98,9.512901306152344e-05,21024.080200501252,2060359.8596491227,0,0,2,0,0,0,0,0,0,0,0,2,2,0,0,0,0,0,0,65.33333333333333,0.0,0.0,0.0,0.0,0,0,0
normal_ping,2,196,98.0,98,98,0.003677845001220703,543.7967068585505,53292.07727213795,0,0,2,0,0,0,0,0,0,0,0,2,2,0,0,0,0,0,0,65.33333333333333,0.0,0.0,0.0,0.0,0,0,0
normal_ping,2,196,98.0,98,98,0.0001628398895263672,12282.002928257687,1203636.2869692533,0,0,2,0,0,0,0,0,0,0,0,2,2,0,0,0,0,0,0,65.33333333333333,0.0,0.0,0.0,0.0,0,0,0
normal_ping,2,196,98.0,98,98,0.00011897087097167969,16810.8376753507,1647462.0921843688,0,0,2,0,0,0,0,0,0,0,0,2,2,0,0,0,0,0,0,65.33333333333333,0.0,0.0,0.0,0.0,0,0,0
normal_ping,2,196,98.0,98,98,0.002251148223876953,888.4355009531879,87066.67909341241,0,0,2,0,0,0,0,0,0,0,0,2,2,0,0,0,0,0,0,65.33333333333333,0.0,0.0,0.0,0.0,0,0,0
normal_ping,2,196,98.0,98,98,0.0178220272064209,112.22067932201576,10997.626573557545,0,0,2,0,0,0,0,0,0,0,0,2,2,0,0,0,0,0,0,65.33333333333333,0.0,0.0,0.0,0.0,0,0,0
normal_ping,2,196,98.0,98,98,0.00019788742065429688,10106.756626506025,990462.1493975903,0,0,2,0,0,0,0,0,0,0,0,2,2,0,0,0,0,0,0,65.33333333333333,0.0,0.0,0.0,0.0,0,0,0
normal_ping,2,196,98.0,98,98,8.296966552734375e-05,24105.19540229885,2362309.1494252873,0,0,2,0,0,0,0,0,0,0,0,2,2,0,0,0,0,0,0,65.33333333333333,0.0,0.0,0.0,0.0,0,0,0
normal_ping,2,196,98.0,98,98,0.0001418590545654297,14098.500840336135,1381653.0823529412,0,0,2,0,0,0,0,0,0,0,0,2,2,0,0,0,0,0,0,65.33333333333333,0.0,0.0,0.0,0.0,0,0,0
normal_ping,2,196,98.0,98,98,0.00010800361633300781,18517.898454746137,1814754.0485651214,0,0,2,0,0,0,0,0,0,0,0,2,2,0,0,0,0,0,0,65.33333333333333,0.0,0.0,0.0,0.0,0,0,0
normal_ping,2,196,98.0,98,98,0.0006411075592041016,3119.6013387876533,305720.93120119005,0,0,2,0,0,0,0,0,0,0,0,2,2,0,0,0,0,0,0,65.33333333333333,0.0,0.0,0.0,0.0,0,0,0
normal_ping,2,196,98.0,98,98,9.012222290039062e-05,22192.084656084655,2174824.296296296,0,0,2,0,0,0,0,0,0,0,0,2,2,0,0,0,0,0,0,65.33333333333333,0.0,0.0,0.0,0.0,0,0,0
normal_ping,2,196,98.0,98,98,0.00010585784912109375,18893.26126126126,1851539.6036036036,0,0,2,0,0,0,0,0,0,0,0,2,2,0,0,0,0,0,0,65.33333333333333,0.0,0.0,0.0,0.0,0,0,0
normal_ping,2,196,98.0,98,98,0.00011706352233886719,17084.741344195518,1674304.651731161,0,0,2,0,0,0,0,0,0,0,0,2,2,0,0,0,0,0,0,65.33333333333333,0.0,0.0,0.0,0.0,0,0,0
normal_ping,2,196,98.0,98,98,0.00010800361633300781,18517.898454746137,1814754.0485651214,0,0,2,0,0,0,0,0,0,0,0,2,2,0,0,0,0,0,0,65.33333333333333,0.0,0.0,0.0,0.0,0,0,0
normal_ping,2,196,98.0,98,98,9.703636169433594e-05,20610.830466830466,2019861.3857493857,0,0,2,0,0,0,0,0,0,0,0,2,2,0,0,0,0,0,0,65.33333333333333,0.0,0.0,0.0,0.0,0,0,0
normal_ping,2,196,98.0,98,98,0.00024199485778808594,8264.63842364532,809934.5655172414,0,0,2,0,0,0,0,0,0,0,0,2,2,0,0,0,0,0,0,65.33333333333333,0.0,0.0,0.0,0.0,0,0,0
normal_ping,2,196,98.0,98,98,0.0001220703125,16384.0,1605632.0,0,0,2,0,0,0,0,0,0,0,0,2,2,0,0,0,0,0,0,65.33333333333333,0.0,0.0,0.0,0.0,0,0,0
normal_ping,2,196,98.0,98,98,0.0001239776611328125,16131.938461538462,1580929.9692307692,0,0,2,0,0,0,0,0,0,0,0,2,2,0,0,0,0,0,0,65.33333333333333,0.0,0.0,0.0,0.0,0,0,0
normal_ping,2,196,98.0,98,98,0.006759166717529297,295.8944620811287,28997.65728395062,0,0,2,0,0,0,0,0,0,0,0,2,2,0,0,0,0,0,0,65.33333333333333,0.0,0.0,0.0,0.0,0,0,0
normal_ping,2,196,98.0,98,98,0.00011301040649414062,17697.48523206751,1734353.552742616,0,0,2,0,0,0,0,0,0,0,0,2,2,0,0,0,0,0,0,65.33333333333333,0.0,0.0,0.0,0.0,0,0,0
normal_ping,2,196,98.0,98,98,8.20159912109375e-05,24385.488372093023,2389777.8604651163,0,0,2,0,0,0,0,0,0,0,0,2,2,0,0,0,0,0,0,65.33333333333333,0.0,0.0,0.0,0.0,0,0,0
normal_ping,2,196,98.0,98,98,0.00011110305786132812,18001.304721030043,1764127.8626609442,0,0,2,0,0,0,0,0,0,0,0,2,2,0,0,0,0,0,0,65.33333333333333,0.0,0.0,0.0,0.0,0,0,0
normal_ping,2,196,98.0,98,98,0.0004930496215820312,4056.386847195358,397525.9110251451,0,0,2,0,0,0,0,0,0,0,0,2,2,0,0,0,0,0,0,65.33333333333333,0.0,0.0,0.0,0.0,0,0,0
normal_ping,2,196,98.0,98,98,0.00012302398681640625,16256.992248062015,1593185.2403100776,0,0,2,0,0,0,0,0,0,0,0,2,2,0,0,0,0,0,0,65.33333333333333,0.0,0.0,0.0,0.0,0,0,0
normal_ping,2,196,98.0,98,98,8.296966552734375e-05,24105.19540229885,2362309.1494252873,0,0,2,0,0,0,0,0,0,0,0,2,2,0,0,0,0,0,0,65.33333333333333,0.0,0.0,0.0,0.0,0,0,0
normal_ping,2,196,98.0,98,98,0.00021409988403320312,9341.43429844098,915460.5612472161,0,0,2,0,0,0,0,0,0,0,0,2,2,0,0,0,0,0,0,65.33333333333333,0.0,0.0,0.0,0.0,0,0,0
normal_ping,2,196,98.0,98,98,0.00014781951904296875,13530.012903225806,1325941.264516129,0,0,2,0,0,0,0,0,0,0,0,2,2,0,0,0,0,0,0,65.33333333333333,0.0,0.0,0.0,0.0,0,0,0
normal_ping,2,196,98.0,98,98,8.893013000488281e-05,22489.565683646113,2203977.436997319,0,0,2,0,0,0,0,0,0,0,0,2,2,0,0,0,0,0,0,65.33333333333333,0.0,0.0,0.0,0.0,0,0,0
normal_ping,2,196,98.0,98,98,0.0001881122589111328,10631.949302915082,1041931.031685678,0,0,2,0,0,0,0,0,0,0,0,2,2,0,0,0,0,0,0,65.33333333333333,0.0,0.0,0.0,0.0,0,0,0
normal_ping,2,196,98.0,98,98,0.00013184547424316406,15169.273056057866,1486588.759493671,0,0,2,0,0,0,0,0,0,0,0,2,2,0,0,0,0,0,0,65.33333333333333,0.0,0.0,0.0,0.0,0,0,0
normal_ping,2,196,98.0,98,98,0.0002970695495605469,6732.430176565008,659778.1573033708,0,0,2,0,0,0,0,0,0,0,0,2,2,0,0,0,0,0,0,65.33333333333333,0.0,0.0,0.0,0.0,0,0,0
normal_ping,2,196,98.0,98,98,0.004989147186279297,400.8701137341107,39285.27114594285,0,0,2,0,0,0,0,0,0,0,0,2,2,0,0,0,0,0,0,65.33333333333333,0.0,0.0,0.0,0.0,0,0,0
normal_ping,2,196,98.0,98,98,9.393692016601562e-05,21290.883248730963,2086506.5583756345,0,0,2,0,0,0,0,0,0,0,0,2,2,0,0,0,0,0,0,65.33333333333333,0.0,0.0,0.0,0.0,0,0,0
normal_ping,2,196,98.0,98,98,0.0001499652862548828,13336.41971383148,1306969.1319554849,0,0,2,0,0,0,0,0,0,0,0,2,2,0,0,0,0,0,0,65.33333333333333,0.0,0.0,0.0,0.0,0,0,0
normal_ping,2,196,98.0,98,98,0.00011801719665527344,16946.68282828283,1660774.9171717172,0,0,2,0,0,0,0,0,0,0,0,2,2,0,0,0,0,0,0,65.33333333333333,0.0,0.0,0.0,0.0,0,0,0
normal_ping,2,196,98.0,98,98,9.298324584960938e-05,21509.251282051282,2107906.6256410256,0,0,2,0,0,0,0,0,0,0,0,2,2,0,0,0,0,0,0,65.33333333333333,0.0,0.0,0.0,0.0,0,0,0
normal_ping,2,196,98.0,98,98,0.00011801719665527344,16946.68282828283,1660774.9171717172,0,0,2,0,0,0,0,0,0,0,0,2,2,0,0,0,0,0,0,65.33333333333333,0.0,0.0,0.0,0.0,0,0,0
normal_ping,2,196,98.0,98,98,0.00010991096496582031,18196.546637744035,1783261.5704989154,0,0,2,0,0,0,0,0,0,0,0,2,2,0,0,0,0,0,0,65.33333333333333,0.0,0.0,0.0,0.0,0,0,0
normal_ping,2,196,98.0,98,98,0.00011491775512695312,17403.7510373444,1705567.601659751,0,0,2,0,0,0,0,0,0,0,0,2,2,0,0,0,0,0,0,65.33333333333333,0.0,0.0,0.0,0.0,0,0,0
normal_ping,2,196,98.0,98,98,0.00010800361633300781,18517.898454746137,1814754.0485651214,0,0,2,0,0,0,0,0,0,0,0,2,2,0,0,0,0,0,0,65.33333333333333,0.0,0.0,0.0,0.0,0,0,0
normal_ping,2,196,98.0,98,98,9.012222290039062e-05,22192.084656084655,2174824.296296296,0,0,2,0,0,0,0,0,0,0,0,2,2,0,0,0,0,0,0,65.33333333333333,0.0,0.0,0.0,0.0,0,0,0
normal_ping,2,196,98.0,98,98,0.00010204315185546875,19599.551401869157,1920756.0373831776,0,0,2,0,0,0,0,0,0,0,0,2,2,0,0,0,0,0,0,65.33333333333333,0.0,0.0,0.0,0.0,0,0,0
normal_ping,2,196,98.0,98,98,9.393692016601562e-05,21290.883248730963,2086506.5583756345,0,0,2,0,0,0,0,0,0,0,0,2,2,0,0,0,0,0,0,65.33333333333333,0.0,0.0,0.0,0.0,0,0,0
normal_ping,2,196,98.0,98,98,0.014256954193115234,140.28241747215625,13747.676912271314,0,0,2,0,0,0,0,0,0,0,0,2,2,0,0,0,0,0,0,65.33333333333333,0.0,0.0,0.0,0.0,0,0,0
normal_ping,2,196,98.0,98,98,0.00011086463928222656,18040.017204301075,1767921.6860215054,0,0,2,0,0,0,0,0,0,0,0,2,2,0,0,0,0,0,0,65.33333333333333,0.0,0.0,0.0,0.0,0,0,0
normal_ping,2,196,98.0,98,98,0.00011587142944335938,17260.510288065845,1691530.0082304527,0,0,2,0,0,0,0,0,0,0,0,2,2,0,0,0,0,0,0,65.33333333333333,0.0,0.0,0.0,0.0,0,0,0
normal_ping,4,392,98.0,98,98,0.9978358745574951,4.008675276155869,392.85017706327517,0,0,4,0,0,0,0,0,0,0,0,2,2,0,0,0,0,0,0,78.4,0.0,0.0,0.0,0.0,0,0,0
normal_ping,2,196,98.0,98,98,0.002032041549682617,984.2318432476827,96454.7206382729,0,0,2,0,0,0,0,0,0,0,0,2,2,0,0,0,0,0,0,65.33333333333333,0.0,0.0,0.0,0.0,0,0,0
normal_ping,2,196,98.0,98,98,0.00028705596923828125,6967.282392026578,682793.6744186047,0,0,2,0,0,0,0,0,0,0,0,2,2,0,0,0,0,0,0,65.33333333333333,0.0,0.0,0.0,0.0,0,0,0
normal_ping,2,196,98.0,98,98,0.00021505355834960938,9300.0088691796,911400.8691796008,0,0,2,0,0,0,0,0,0,0,0,2,2,0,0,0,0,0,0,65.33333333333333,0.0,0.0,0.0,0.0,0,0,0
normal_ping,2,196,98.0,98,98,0.0043299198150634766,461.90231815428666,45266.427179120095,0,0,2,0,0,0,0,0,0,0,0,2,2,0,0,0,0,0,0,65.33333333333333,0.0,0.0,0.0,0.0,0,0,0
normal_ping,2,196,98.0,98,98,0.005539894104003906,361.01773110690306,35379.737648476505,0,0,2,0,0,0,0,0,0,0,0,2,2,0,0,0,0,0,0,65.33333333333333,0.0,0.0,0.0,0.0,0,0,0
normal_ping,2,196,98.0,98,98,0.0015010833740234375,1332.3710292249048,130572.36086404066,0,0,2,0,0,0,0,0,0,0,0,2,2,0,0,0,0,0,0,65.33333333333333,0.0,0.0,0.0,0.0,0,0,0
normal_ping,2,196,98.0,98,98,0.00010800361633300781,18517.898454746137,1814754.0485651214,0,0,2,0,0,0,0,0,0,0,0,2,2,0,0,0,0,0,0,65.33333333333333,0.0,0.0,0.0,0.0,0,0,0
normal_ping,2,196,98.0,98,98,0.0020711421966552734,965.6507424887764,94633.77276390008,0,0,2,0,0,0,0,0,0,0,0,2,2,0,0,0,0,0,0,65.33333333333333,0.0,0.0,0.0,0.0,0,0,0
normal_ping,2,196,98.0,98,98,9.202957153320312e-05,21732.145077720208,2129750.2176165804,0,0,2,0,0,0,0,0,0,0,0,2,2,0,0,0,0,0,0,65.33333333333333,0.0,0.0,0.0,0.0,0,0,0
normal_ping,2,196,98.0,98,98,0.00011301040649414062,17697.48523206751,1734353.552742616,0,0,2,0,0,0,0,0,0,0,0,2,2,0,0,0,0,0,0,65.33333333333333,0.0,0.0,0.0,0.0,0,0,0
normal_ping,2,196,98.0,98,98,0.00010704994201660156,18682.86859688196,1830921.1224944321,0,0,2,0,0,0,0,0,0,0,0,2,2,0,0,0,0,0,0,65.33333333333333,0.0,0.0,0.0,0.0,0,0,0
normal_ping,2,196,98.0,98,98,0.00011801719665527344,16946.68282828283,1660774.9171717172,0,0,2,0,0,0,0,0,0,0,0,2,2,0,0,0,0,0,0,65.33333333333333,0.0,0.0,0.0,0.0,0,0,0
normal_ping,2,196,98.0,98,98,0.00012302398681640625,16256.992248062015,1593185.2403100776,0,0,2,0,0,0,0,0,0,0,0,2,2,0,0,0,0,0,0,65.33333333333333,0.0,0.0,0.0,0.0,0,0,0
normal_ping,2,196,98.0,98,98,0.00011897087097167969,16810.8376753507,1647462.0921843688,0,0,2,0,0,0,0,0,0,0,0,2,2,0,0,0,0,0,0,65.33333333333333,0.0,0.0,0.0,0.0,0,0,0
normal_ping,2,196,98.0,98,98,0.00011491775512695312,17403.7510373444,1705567.601659751,0,0,2,0,0,0,0,0,0,0,0,2,2,0,0,0,0,0,0,65.33333333333333,0.0,0.0,0.0,0.0,0,0,0
normal_ping,2,196,98.0,98,98,0.0003211498260498047,6227.62286562732,610307.0408314774,0,0,2,0,0,0,0,0,0,0,0,2,2,0,0,0,0,0,0,65.33333333333333,0.0,0.0,0.0,0.0,0,0,0
normal_ping,2,196,98.0,98,98,0.0008399486541748047,2381.097927902356,233347.59693443088,0,0,2,0,0,0,0,0,0,0,0,2,2,0,0,0,0,0,0,65.33333333333333,0.0,0.0,0.0,0.0,0,0,0
normal_ping,2,196,98.0,98,98,8.678436279296875e-05,23045.626373626375,2258471.3846153845,0,0,2,0,0,0,0,0,0,0,0,2,2,0,0,0,0,0,0,65.33333333333333,0.0,0.0,0.0,0.0,0,0,0
normal_ping,2,196,98.0,98,98,0.0001270771026611328,15738.476547842401,1542370.7016885553,0,0,2,0,0,0,0,0,0,0,0,2,2,0,0,0,0,0,0,65.33333333333333,0.0,0.0,0.0,0.0,0,0,0
normal_ping,2,196,98.0,98,98,9.894371032714844e-05,20213.51325301205,1980924.2987951806,0,0,2,0,0,0,0,0,0,0,0,2,2,0,0,0,0,0,0,65.33333333333333,0.0,0.0,0.0,0.0,0,0,0
normal_ping,2,196,98.0,98,98,0.00011205673217773438,17848.102127659575,1749114.0085106383,0,0,2,0,0,0,0,0,0,0,0,2,2,0,0,0,0,0,0,65.33333333333333,0.0,0.0,0.0,0.0,0,0,0
normal_ping,2,196,98.0,98,98,0.00010704994201660156,18682.86859688196,1830921.1224944321,0,0,2,0,0,0,0,0,0,0,0,2,2,0,0,0,0,0,0,65.33333333333333,0.0,0.0,0.0,0.0,0,0,0
normal_ping,2,196,98.0,98,98,0.0003871917724609375,5165.399014778325,506209.1034482759,0,0,2,0,0,0,0,0,0,0,0,2,2,0,0,0,0,0,0,65.33333333333333,0.0,0.0,0.0,0.0,0,0,0
normal_ping,2,196,98.0,98,98,0.00011301040649414062,17697.48523206751,1734353.552742616,0,0,2,0,0,0,0,0,0,0,0,2,2,0,0,0,0,0,0,65.33333333333333,0.0,0.0,0.0,0.0,0,0,0
normal_ping,2,196,98.0,98,98,0.00015592575073242188,12826.617737003058,1257008.5382262997,0,0,2,0,0,0,0,0,0,0,0,2,2,0,0,0,0,0,0,65.33333333333333,0.0,0.0,0.0,0.0,0,0,0
normal_ping,2,196,98.0,98,98,0.0002148151397705078,9310.330743618202,912412.4128745839,0,0,2,0,0,0,0,0,0,0,0,2,2,0,0,0,0,0,0,65.33333333333333,0.0,0.0,0.0,0.0,0,0,0
normal_ping,2,196,98.0,98,98,0.00021600723266601562,9258.949227373068,907377.0242825607,0,0,2,0,0,0,0,0,0,0,0,2,2,0,0,0,0,0,0,65.33333333333333,0.0,0.0,0.0,0.0,0,0,0
normal_ping,2,196,98.0,98,98,9.298324584960938e-05,21509.251282051282,2107906.6256410256,0,0,2,0,0,0,0,0,0,0,0,2,2,0,0,0,0,0,0,65.33333333333333,0.0,0.0,0.0,0.0,0,0,0
normal_ping,2,196,98.0,98,98,0.00011086463928222656,18040.017204301075,1767921.6860215054,0,0,2,0,0,0,0,0,0,0,0,2,2,0,0,0,0,0,0,65.33333333333333,0.0,0.0,0.0,0.0,0,0,0
normal_ping,2,196,98.0,98,98,0.00010085105895996094,19831.224586288416,1943460.0094562648,0,0,2,0,0,0,0,0,0,0,0,2,2,0,0,0,0,0,0,65.33333333333333,0.0,0.0,0.0,0.0,0,0,0
normal_ping,2,196,98.0,98,98,0.00010800361633300781,18517.898454746137,1814754.0485651214,0,0,2,0,0,0,0,0,0,0,0,2,2,0,0,0,0,0,0,65.33333333333333,0.0,0.0,0.0,0.0,0,0,0
normal_ping,2,196,98.0,98,98,0.00012302398681640625,16256.992248062015,1593185.2403100776,0,0,2,0,0,0,0,0,0,0,0,2,2,0,0,0,0,0,0,65.33333333333333,0.0,0.0,0.0,0.0,0,0,0
normal_ping,2,196,98.0,98,98,9.703636169433594e-05,20610.830466830466,2019861.3857493857,0,0,2,0,0,0,0,0,0,0,0,2,2,0,0,0,0,0,0,65.33333333333333,0.0,0.0,0.0,0.0,0,0,0
normal_ping,2,196,98.0,98,98,0.0012171268463134766,1643.2141038197844,161034.9821743389,0,0,2,0,0,0,0,0,0,0,0,2,2,0,0,0,0,0,0,65.33333333333333,0.0,0.0,0.0,0.0,0,0,0
normal_ping,2,196,98.0,98,98,9.608268737792969e-05,20815.40446650124,2039909.6377171215,0,0,2,0,0,0,0,0,0,0,0,2,2,0,0,0,0,0,0,65.33333333333333,0.0,0.0,0.0,0.0,0,0,0
normal_ping,2,196,98.0,98,98,9.393692016601562e-05,21290.883248730963,2086506.5583756345,0,0,2,0,0,0,0,0,0,0,0,2,2,0,0,0,0,0,0,65.33333333333333,0.0,0.0,0.0,0.0,0,0,0
normal_ping,2,196,98.0,98,98,0.00011801719665527344,16946.68282828283,1660774.9171717172,0,0,2,0,0,0,0,0,0,0,0,2,2,0,0,0,0,0,0,65.33333333333333,0.0,0.0,0.0,0.0,0,0,0
normal_ping,2,196,98.0,98,98,0.0002989768981933594,6689.480063795853,655569.0462519936,0,0,2,0,0,0,0,0,0,0,0,2,2,0,0,0,0,0,0,65.33333333333333,0.0,0.0,0.0,0.0,0,0,0
normal_ping,2,196,98.0,98,98,0.00011897087097167969,16810.8376753507,1647462.0921843688,0,0,2,0,0,0,0,0,0,0,0,2,2,0,0,0,0,0,0,65.33333333333333,0.0,0.0,0.0,0.0,0,0,0
normal_ping,2,196,98.0,98,98,0.00016498565673828125,12122.265895953757,1187982.0578034683,0,0,2,0,0,0,0,0,0,0,0,2,2,0,0,0,0,0,0,65.33333333333333,0.0,0.0,0.0,0.0,0,0,0
normal_ping,2,196,98.0,98,98,0.00022912025451660156,8729.040582726328,855445.97710718,0,0,2,0,0,0,0,0,0,0,0,2,2,0,0,0,0,0,0,65.33333333333333,0.0,0.0,0.0,0.0,0,0,0
normal_ping,3,294,98.0,98,98,0.9999179840087891,3.0002460681551564,294.02411467920535,0,0,3,0,0,0,0,0,0,0,0,2,2,0,0,0,0,0,0,73.5,0.0,0.0,0.0,0.0,0,0,0
normal_ping,3,294,98.0,98,98,0.999316930770874,3.0020506083948733,294.2009596226976,0,0,3,0,0,0,0,0,0,0,0,2,2,0,0,0,0,0,0,73.5,0.0,0.0,0.0,0.0,0,0,0
normal_ping,2,196,98.0,98,98,9.608268737792969e-05,20815.40446650124,2039909.6377171215,0,0,2,0,0,0,0,0,0,0,0,2,2,0,0,0,0,0,0,65.33333333333333,0.0,0.0,0.0,0.0,0,0,0
normal_ping,2,196,98.0,98,98,0.00012183189392089844,16416.062622309197,1608774.1369863013,0,0,2,0,0,0,0,0,0,0,0,2,2,0,0,0,0,0,0,65.33333333333333,0.0,0.0,0.0,0.0,0,0,0
normal_ping,2,196,98.0,98,98,0.00012087821960449219,16545.577909270218,1621466.6351084812,0,0,2,0,0,0,0,0,0,0,0,2,2,0,0,0,0,0,0,65.33333333333333,0.0,0.0,0.0,0.0,0,0,0
normal_ping,2,196,98.0,98,98,0.00010991096496582031,18196.546637744035,1783261.5704989154,0,0,2,0,0,0,0,0,0,0,0,2,2,0,0,0,0,0,0,65.33333333333333,0.0,0.0,0.0,0.0,0,0,0
normal_ping,2,196,98.0,98,98,9.608268737792969e-05,20815.40446650124,2039909.6377171215,0,0,2,0,0,0,0,0,0,0,0,2,2,0,0,0,0,0,0,65.33333333333333,0.0,0.0,0.0,0.0,0,0,0
normal_ping,2,196,98.0,98,98,0.00011110305786132812,18001.304721030043,1764127.8626609442,0,0,2,0,0,0,0,0,0,0,0,2,2,0,0,0,0,0,0,65.33333333333333,0.0,0.0,0.0,0.0,0,0,0
normal_ping,2,196,98.0,98,98,0.00010395050048828125,19239.92660550459,1885512.8073394496,0,0,2,0,0,0,0,0,0,0,0,2,2,0,0,0,0,0,0,65.33333333333333,0.0,0.0,0.0,0.0,0,0,0
normal_ping,2,196,98.0,98,98,0.00010395050048828125,19239.92660550459,1885512.8073394496,0,0,2,0,0,0,0,0,0,0,0,2,2,0,0,0,0,0,0,65.33333333333333,0.0,0.0,0.0,0.0,0,0,0
normal_ping,2,196,98.0,98,98,0.0001850128173828125,10810.061855670103,1059386.06185567,0,0,2,0,0,0,0,0,0,0,0,2,2,0,0,0,0,0,0,65.33333333333333,0.0,0.0,0.0,0.0,0,0,0
normal_ping,2,196,98.0,98,98,0.00010395050048828125,19239.92660550459,1885512.8073394496,0,0,2,0,0,0,0,0,0,0,0,2,2,0,0,0,0,0,0,65.33333333333333,0.0,0.0,0.0,0.0,0,0,0
normal_ping,2,196,98.0,98,98,0.00012111663818359375,16513.007874015748,1618274.7716535432,0,0,2,0,0,0,0,0,0,0,0,2,2,0,0,0,0,0,0,65.33333333333333,0.0,0.0,0.0,0.0,0,0,0
normal_ping,2,196,98.0,98,98,0.00014591217041015625,13706.875816993464,1343273.8300653594,0,0,2,0,0,0,0,0,0,0,0,2,2,0,0,0,0,0,0,65.33333333333333,0.0,0.0,0.0,0.0,0,0,0
normal_ping,2,196,98.0,98,98,0.00010895729064941406,18355.816192560174,1798869.9868708972,0,0,2,0,0,0,0,0,0,0,0,2,2,0,0,0,0,0,0,65.33333333333333,0.0,0.0,0.0,0.0,0,0,0
normal_ping,2,196,98.0,98,98,0.0002999305725097656,6668.20985691574,653484.5659777424,0,0,2,0,0,0,0,0,0,0,0,2,2,0,0,0,0,0,0,65.33333333333333,0.0,0.0,0.0,0.0,0,0,0
normal_ping,2,196,98.0,98,98,8.821487426757812e-05,22671.913513513515,2221847.5243243244,0,0,2,0,0,0,0,0,0,0,0,2,2,0,0,0,0,0,0,65.33333333333333,0.0,0.0,0.0,0.0,0,0,0
normal_ping,2,196,98.0,98,98,0.00080108642578125,2496.609523809524,244667.73333333334,0,0,2,0,0,0,0,0,0,0,0,2,2,0,0,0,0,0,0,65.33333333333333,0.0,0.0,0.0,0.0,0,0,0
normal_ping,2,196,98.0,98,98,0.00012183189392089844,16416.062622309197,1608774.1369863013,0,0,2,0,0,0,0,0,0,0,0,2,2,0,0,0,0,0,0,65.33333333333333,0.0,0.0,0.0,0.0,0,0,0
normal_ping,2,196,98.0,98,98,0.00023293495178222656,8586.088024564995,841436.6264073695,0,0,2,0,0,0,0,0,0,0,0,2,2,0,0,0,0,0,0,65.33333333333333,0.0,0.0,0.0,0.0,0,0,0
normal_ping,2,196,98.0,98,98,0.00011992454528808594,16677.153081510933,1634361.0019880715,0,0,2,0,0,0,0,0,0,0,0,2,2,0,0,0,0,0,0,65.33333333333333,0.0,0.0,0.0,0.0,0,0,0
normal_ping,2,196,98.0,98,98,8.797645568847656e-05,22733.355013550135,2227868.7913279133,0,0,2,0,0,0,0,0,0,0,0,2,2,0,0,0,0,0,0,65.33333333333333,0.0,0.0,0.0,0.0,0,0,0
normal_ping,2,196,98.0,98,98,9.894371032714844e-05,20213.51325301205,1980924.2987951806,0,0,2,0,0,0,0,0,0,0,0,2,2,0,0,0,0,0,0,65.33333333333333,0.0,0.0,0.0,0.0,0,0,0
normal_ping,2,196,98.0,98,98,0.00011301040649414062,17697.48523206751,1734353.552742616,0,0,2,0,0,0,0,0,0,0,0,2,2,0,0,0,0,0,0,65.33333333333333,0.0,0.0,0.0,0.0,0,0,0
normal_ping,2,196,98.0,98,98,0.0001049041748046875,19065.01818181818,1868371.7818181817,0,0,2,0,0,0,0,0,0,0,0,2,2,0,0,0,0,0,0,65.33333333333333,0.0,0.0,0.0,0.0,0,0,0
normal_ping,2,196,98.0,98,98,0.00011587142944335938,17260.510288065845,1691530.0082304527,0,0,2,0,0,0,0,0,0,0,0,2,2,0,0,0,0,0,0,65.33333333333333,0.0,0.0,0.0,0.0,0,0,0
normal_ping,2,196,98.0,98,98,0.00011801719665527344,16946.68282828283,1660774.9171717172,0,0,2,0,0,0,0,0,0,0,0,2,2,0,0,0,0,0,0,65.33333333333333,0.0,0.0,0.0,0.0,0,0,0
normal_ping,2,196,98.0,98,98,0.00011301040649414062,17697.48523206751,1734353.552742616,0,0,2,0,0,0,0,0,0,0,0,2,2,0,0,0,0,0,0,65.33333333333333,0.0,0.0,0.0,0.0,0,0,0
normal_ping,2,196,98.0,98,98,0.00010800361633300781,18517.898454746137,1814754.0485651214,0,0,2,0,0,0,0,0,0,0,0,2,2,0,0,0,0,0,0,65.33333333333333,0.0,0.0,0.0,0.0,0,0,0
normal_ping,2,196,98.0,98,98,0.00011897087097167969,16810.8376753507,1647462.0921843688,0,0,2,0,0,0,0,0,0,0,0,2,2,0,0,0,0,0,0,65.33333333333333,0.0,0.0,0.0,0.0,0,0,0
normal_ping,2,196,98.0,98,98,0.00011396408081054688,17549.38912133891,1719840.1338912135,0,0,2,0,0,0,0,0,0,0,0,2,2,0,0,0,0,0,0,65.33333333333333,0.0,0.0,0.0,0.0,0,0,0
normal_ping,2,196,98.0,98,98,0.00010991096496582031,18196.546637744035,1783261.5704989154,0,0,2,0,0,0,0,0,0,0,0,2,2,0,0,0,0,0,0,65.33333333333333,0.0,0.0,0.0,0.0,0,0,0
normal_ping,2,196,98.0,98,98,0.00022602081298828125,8848.742616033755,867176.776371308,0,0,2,0,0,0,0,0,0,0,0,2,2,0,0,0,0,0,0,65.33333333333333,0.0,0.0,0.0,0.0,0,0,0
normal_ping,2,196,98.0,98,98,0.00011992454528808594,16677.153081510933,1634361.0019880715,0,0,2,0,0,0,0,0,0,0,0,2,2,0,0,0,0,0,0,65.33333333333333,0.0,0.0,0.0,0.0,0,0,0
normal_ping,2,196,98.0,98,98,0.00010204315185546875,19599.551401869157,1920756.0373831776,0,0,2,0,0,0,0,0,0,0,0,2,2,0,0,0,0,0,0,65.33333333333333,0.0,0.0,0.0,0.0,0,0,0
normal_ping,2,196,98.0,98,98,9.489059448242188e-05,21076.904522613066,2065536.6432160805,0,0,2,0,0,0,0,0,0,0,0,2,2,0,0,0,0,0,0,65.33333333333333,0.0,0.0,0.0,0.0,0,0,0
normal_ping,2,196,98.0,98,98,0.0001201629638671875,16644.06349206349,1631118.2222222222,0,0,2,0,0,0,0,0,0,0,0,2,2,0,0,0,0,0,0,65.33333333333333,0.0,0.0,0.0,0.0,0,0,0
normal_ping,2,196,98.0,98,98,0.00010609626770019531,18850.804494382024,1847378.8404494382,0,0,2,0,0,0,0,0,0,0,0,2,2,0,0,0,0,0,0,65.33333333333333,0.0,0.0,0.0,0.0,0,0,0
normal_ping,2,196,98.0,98,98,9.799003601074219e-05,20410.238442822385,2000203.3673965936,0,0,2,0,0,0,0,0,0,0,0,2,2,0,0,0,0,0,0,65.33333333333333,0.0,0.0,0.0,0.0,0,0,0
normal_ping,2,196,98.0,98,98,9.298324584960938e-05,21509.251282051282,2107906.6256410256,0,0,2,0,0,0,0,0,0,0,0,2,2,0,0,0,0,0,0,65.33333333333333,0.0,0.0,0.0,0.0,0,0,0
normal_ping,2,196,98.0,98,98,0.00010204315185546875,19599.551401869157,1920756.0373831776,0,0,2,0,0,0,0,0,0,0,0,2,2,0,0,0,0,0,0,65.33333333333333,0.0,0.0,0.0,0.0,0,0,0
normal_ping,2,196,98.0,98,98,9.512901306152344e-05,21024.080200501252,2060359.8596491227,0,0,2,0,0,0,0,0,0,0,0,2,2,0,0,0,0,0,0,65.33333333333333,0.0,0.0,0.0,0.0,0,0,0
normal_ping,2,196,98.0,98,98,0.00010514259338378906,19021.786848072563,1864135.111111111,0,0,2,0,0,0,0,0,0,0,0,2,2,0,0,0,0,0,0,65.33333333333333,0.0,0.0,0.0,0.0,0,0,0
normal_ping,2,196,98.0,98,98,0.00010895729064941406,18355.816192560174,1798869.9868708972,0,0,2,0,0,0,0,0,0,0,0,2,2,0,0,0,0,0,0,65.33333333333333,0.0,0.0,0.0,0.0,0,0,0
normal_ping,2,196,98.0,98,98,0.00010013580322265625,19972.876190476192,1957341.8666666667,0,0,2,0,0,0,0,0,0,0,0,2,2,0,0,0,0,0,0,65.33333333333333,0.0,0.0,0.0,0.0,0,0,0
normal_ping,2,196,98.0,98,98,0.00012993812561035156,15391.94128440367,1508410.2458715597,0,0,2,0,0,0,0,0,0,0,0,2,2,0,0,0,0,0,0,65.33333333333333,0.0,0.0,0.0,0.0,0,0,0
normal_ping,2,196,98.0,98,98,9.989738464355469e-05,20020.54415274463,1962013.3269689737,0,0,2,0,0,0,0,0,0,0,0,2,2,0,0,0,0,0,0,65.33333333333333,0.0,0.0,0.0,0.0,0,0,0
normal_ping,2,196,98.0,98,98,0.00010013580322265625,19972.876190476192,1957341.8666666667,0,0,2,0,0,0,0,0,0,0,0,2,2,0,0,0,0,0,0,65.33333333333333,0.0,0.0,0.0,0.0,0,0,0
normal_ping,2,196,98.0,98,98,0.00022292137145996094,8971.773262032086,879233.7796791444,0,0,2,0,0,0,0,0,0,0,0,2,2,0,0,0,0,0,0,65.33333333333333,0.0,0.0,0.0,0.0,0,0,0
normal_ping,2,196,98.0,98,98,0.00012087821960449219,16545.577909270218,1621466.6351084812,0,0,2,0,0,0,0,0,0,0,0,2,2,0,0,0,0,0,0,65.33333333333333,0.0,0.0,0.0,0.0,0,0,0
normal_ping,2,196,98.0,98,98,0.00013518333435058594,14794.723104056437,1449882.8641975308,0,0,2,0,0,0,0,0,0,0,0,2,2,0,0,0,0,0,0,65.33333333333333,0.0,0.0,0.0,0.0,0,0,0
normal_ping,2,196,98.0,98,98,0.00010609626770019531,18850.804494382024,1847378.8404494382,0,0,2,0,0,0,0,0,0,0,0,2,2,0,0,0,0,0,0,65.33333333333333,0.0,0.0,0.0,0.0,0,0,0
normal_ping,2,196,98.0,98,98,0.00011277198791503906,17734.900634249472,1738020.262156448,0,0,2,0,0,0,0,0,0,0,0,2,2,0,0,0,0,0,0,65.33333333333333,0.0,0.0,0.0,0.0,0,0,0
normal_ping,2,196,98.0,98,98,0.0003261566162109375,6132.023391812865,600938.2923976608,0,0,2,0,0,0,0,0,0,0,0,2,2,0,0,0,0,0,0,65.33333333333333,0.0,0.0,0.0,0.0,0,0,0
normal_ping,2,196,98.0,98,98,0.00015211105346679688,13148.288401253918,1288532.263322884,0,0,2,0,0,0,0,0,0,0,0,2,2,0,0,0,0,0,0,65.33333333333333,0.0,0.0,0.0,0.0,0,0,0
normal_ping,2,196,98.0,98,98,0.00011491775512695312,17403.7510373444,1705567.601659751,0,0,2,0,0,0,0,0,0,0,0,2,2,0,0,0,0,0,0,65.33333333333333,0.0,0.0,0.0,0.0,0,0,0
normal_ping,2,196,98.0,98,98,0.00011897087097167969,16810.8376753507,1647462.0921843688,0,0,2,0,0,0,0,0,0,0,0,2,2,0,0,0,0,0,0,65.33333333333333,0.0,0.0,0.0,0.0,0,0,0
normal_ping,2,196,98.0,98,98,0.006974935531616211,286.7410015381986,28100.618150743463,0,0,2,0,0,0,0,0,0,0,0,2,2,0,0,0,0,0,0,65.33333333333333,0.0,0.0,0.0,0.0,0,0,0
normal_ping,2,196,98.0,98,98,0.00010991096496582031,18196.546637744035,1783261.5704989154,0,0,2,0,0,0,0,0,0,0,0,2,2,0,0,0,0,0,0,65.33333333333333,0.0,0.0,0.0,0.0,0,0,0
normal_ping,2,196,98.0,98,98,0.0001049041748046875,19065.01818181818,1868371.7818181817,0,0,2,0,0,0,0,0,0,0,0,2,2,0,0,0,0,0,0,65.33333333333333,0.0,0.0,0.0,0.0,0,0,0
normal_ping,2,196,98.0,98,98,0.00012087821960449219,16545.577909270218,1621466.6351084812,0,0,2,0,0,0,0,0,0,0,0,2,2,0,0,0,0,0,0,65.33333333333333,0.0,0.0,0.0,0.0,0,0,0
normal_ping,2,196,98.0,98,98,0.00010991096496582031,18196.546637744035,1783261.5704989154,0,0,2,0,0,0,0,0,0,0,0,2,2,0,0,0,0,0,0,65.33333333333333,0.0,0.0,0.0,0.0,0,0,0
normal_ping,2,196,98.0,98,98,0.00040984153747558594,4879.934845840605,478233.61489237926,0,0,2,0,0,0,0,0,0,0,0,2,2,0,0,0,0,0,0,65.33333333333333,0.0,0.0,0.0,0.0,0,0,0
normal_ping,2,196,98.0,98,98,0.021260976791381836,94.06905522848332,9218.767412391366,0,0,2,0,0,0,0,0,0,0,0,2,2,0,0,0,0,0,0,65.33333333333333,0.0,0.0,0.0,0.0,0,0,0
normal_ping,2,196,98.0,98,98,0.00013113021850585938,15252.014545454545,1494697.4254545455,0,0,2,0,0,0,0,0,0,0,0,2,2,0,0,0,0,0,0,65.33333333333333,0.0,0.0,0.0,0.0,0,0,0
normal_ping,2,196,98.0,98,98,9.608268737792969e-05,20815.40446650124,2039909.6377171215,0,0,2,0,0,0,0,0,0,0,0,2,2,0,0,0,0,0,0,65.33333333333333,0.0,0.0,0.0,0.0,0,0,0
normal_ping,2,196,98.0,98,98,0.00015091896057128906,13252.145339652448,1298710.24328594,0,0,2,0,0,0,0,0,0,0,0,2,2,0,0,0,0,0,0,65.33333333333333,0.0,0.0,0.0,0.0,0,0,0
normal_ping,2,196,98.0,98,98,0.00016307830810546875,12264.04678362573,1201876.5847953216,0,0,2,0,0,0,0,0,0,0,0,2,2,0,0,0,0,0,0,65.33333333333333,0.0,0.0,0.0,0.0,0,0,0
normal_ping,2,196,98.0,98,98,0.0013399124145507812,1492.63487544484,146278.21779359432,0,0,2,0,0,0,0,0,0,0,0,2,2,0,0,0,0,0,0,65.33333333333333,0.0,0.0,0.0,0.0,0,0,0
normal_ping,2,196,98.0,98,98,0.00011396408081054688,17549.38912133891,1719840.1338912135,0,0,2,0,0,0,0,0,0,0,0,2,2,0,0,0,0,0,0,65.33333333333333,0.0,0.0,0.0,0.0,0,0,0
normal_ping,2,196,98.0,98,98,0.00011801719665527344,16946.68282828283,1660774.9171717172,0,0,2,0,0,0,0,0,0,0,0,2,2,0,0,0,0,0,0,65.33333333333333,0.0,0.0,0.0,0.0,0,0,0
normal_ping,2,196,98.0,98,98,0.00011515617370605469,17367.718426501036,1702036.4057971016,0,0,2,0,0,0,0,0,0,0,0,2,2,0,0,0,0,0,0,65.33333333333333,0.0,0.0,0.0,0.0,0,0,0
normal_ping,2,196,98.0,98,98,0.0005409717559814453,3697.0506831203174,362310.9669457911,0,0,2,0,0,0,0,0,0,0,0,2,2,0,0,0,0,0,0,65.33333333333333,0.0,0.0,0.0,0.0,0,0,0
normal_ping,2,196,98.0,98,98,0.00011301040649414062,17697.48523206751,1734353.552742616,0,0,2,0,0,0,0,0,0,0,0,2,2,0,0,0,0,0,0,65.33333333333333,0.0,0.0,0.0,0.0,0,0,0
normal_ping,3,283,94.33333333333333,87,98,0.9968938827514648,3.0093473858219357,283.8817700625359,0,1,2,0,0,0,0,0,0,1,1,2,3,0,0,0,0,0,5353,70.75,0.0,0.0,0.6931471805599453,0.25,0,0,0
normal_ping,2,196,98.0,98,98,0.0003077983856201172,6497.759876065066,636780.4678543764,0,0,2,0,0,0,0,0,0,0,0,2,2,0,0,0,0,0,0,65.33333333333333,0.0,0.0,0.0,0.0,0,0,0
normal_ping,2,196,98.0,98,98,0.00015401840209960938,12985.461300309598,1272575.2074303406,0,0,2,0,0,0,0,0,0,0,0,2,2,0,0,0,0,0,0,65.33333333333333,0.0,0.0,0.0,0.0,0,0,0
normal_ping,2,196,98.0,98,98,9.989738464355469e-05,20020.54415274463,1962013.3269689737,0,0,2,0,0,0,0,0,0,0,0,2,2,0,0,0,0,0,0,65.33333333333333,0.0,0.0,0.0,0.0,0,0,0
normal_ping,2,196,98.0,98,98,0.00010514259338378906,19021.786848072563,1864135.111111111,0,0,2,0,0,0,0,0,0,0,0,2,2,0,0,0,0,0,0,65.33333333333333,0.0,0.0,0.0,0.0,0,0,0
normal_ping,2,196,98.0,98,98,0.00011801719665527344,16946.68282828283,1660774.9171717172,0,0,2,0,0,0,0,0,0,0,0,2,2,0,0,0,0,0,0,65.33333333333333,0.0,0.0,0.0,0.0,0,0,0
normal_ping,2,196,98.0,98,98,0.00012111663818359375,16513.007874015748,1618274.7716535432,0,0,2,0,0,0,0,0,0,0,0,2,2,0,0,0,0,0,0,65.33333333333333,0.0,0.0,0.0,0.0,0,0,0
normal_ping,2,196,98.0,98,98,0.00011110305786132812,18001.304721030043,1764127.8626609442,0,0,2,0,0,0,0,0,0,0,0,2,2,0,0,0,0,0,0,65.33333333333333,0.0,0.0,0.0,0.0,0,0,0
normal_ping,2,196,98.0,98,98,8.296966552734375e-05,24105.19540229885,2362309.1494252873,0,0,2,0,0,0,0,0,0,0,0,2,2,0,0,0,0,0,0,65.33333333333333,0.0,0.0,0.0,0.0,0,0,0
normal_ping,2,196,98.0,98,98,8.893013000488281e-05,22489.565683646113,2203977.436997319,0,0,2,0,0,0,0,0,0,0,0,2,2,0,0,0,0,0,0,65.33333333333333,0.0,0.0,0.0,0.0,0,0,0
normal_ping,2,196,98.0,98,98,0.00014400482177734375,13888.423841059603,1361065.536423841,0,0,2,0,0,0,0,0,0,0,0,2,2,0,0,0,0,0,0,65.33333333333333,0.0,0.0,0.0,0.0,0,0,0
normal_ping,2,196,98.0,98,98,0.00011301040649414062,17697.48523206751,1734353.552742616,0,0,2,0,0,0,0,0,0,0,0,2,2,0,0,0,0,0,0,65.33333333333333,0.0,0.0,0.0,0.0,0,0,0
normal_ping,2,196,98.0,98,98,0.00010180473327636719,19645.45199063232,1925254.2950819673,0,0,2,0,0,0,0,0,0,0,0,2,2,0,0,0,0,0,0,65.33333333333333,0.0,0.0,0.0,0.0,0,0,0
normal_ping,2,196,98.0,98,98,8.606910705566406e-05,23237.141274238227,2277239.8448753464,0,0,2,0,0,0,0,0,0,0,0,2,2,0,0,0,0,0,0,65.33333333333333,0.0,0.0,0.0,0.0,0,0,0
normal_ping,2,196,98.0,98,98,0.00011491775512695312,17403.7510373444,1705567.601659751,0,0,2,0,0,0,0,0,0,0,0,2,2,0,0,0,0,0,0,65.33333333333333,0.0,0.0,0.0,0.0,0,0,0
normal_ping,2,196,98.0,98,98,9.512901306152344e-05,21024.080200501252,2060359.8596491227,0,0,2,0,0,0,0,0,0,0,0,2,2,0,0,0,0,0,0,65.33333333333333,0.0,0.0,0.0,0.0,0,0,0
normal_ping,2,196,98.0,98,98,0.00013494491577148438,14820.86219081272,1452444.4946996467,0,0,2,0,0,0,0,0,0,0,0,2,2,0,0,0,0,0,0,65.33333333333333,0.0,0.0,0.0,0.0,0,0,0
normal_ping,2,196,98.0,98,98,0.00011205673217773438,17848.102127659575,1749114.0085106383,0,0,2,0,0,0,0,0,0,0,0,2,2,0,0,0,0,0,0,65.33333333333333,0.0,0.0,0.0,0.0,0,0,0
normal_ping,2,196,98.0,98,98,0.00012683868408203125,15768.060150375939,1545269.894736842,0,0,2,0,0,0,0,0,0,0,0,2,2,0,0,0,0,0,0,65.33333333333333,0.0,0.0,0.0,0.0,0,0,0
normal_ping,2,196,98.0,98,98,0.0002338886260986328,8551.078491335373,838005.6921508665,0,0,2,0,0,0,0,0,0,0,0,2,2,0,0,0,0,0,0,65.33333333333333,0.0,0.0,0.0,0.0,0,0,0
normal_ping,2,196,98.0,98,98,0.00011396408081054688,17549.38912133891,1719840.1338912135,0,0,2,0,0,0,0,0,0,0,0,2,2,0,0,0,0,0,0,65.33333333333333,0.0,0.0,0.0,0.0,0,0,0
normal_ping,2,196,98.0,98,98,0.00011086463928222656,18040.017204301075,1767921.6860215054,0,0,2,0,0,0,0,0,0,0,0,2,2,0,0,0,0,0,0,65.33333333333333,0.0,0.0,0.0,0.0,0,0,0
normal_ping,2,196,98.0,98,98,0.000102996826171875,19418.074074074073,1902971.2592592593,0,0,2,0,0,0,0,0,0,0,0,2,2,0,0,0,0,0,0,65.33333333333333,0.0,0.0,0.0,0.0,0,0,0
normal_ping,2,196,98.0,98,98,8.988380432128906e-05,22250.949602122015,2180593.0610079574,0,0,2,0,0,0,0,0,0,0,0,2,2,0,0,0,0,0,0,65.33333333333333,0.0,0.0,0.0,0.0,0,0,0
normal_ping,2,196,98.0,98,98,9.393692016601562e-05,21290.883248730963,2086506.5583756345,0,0,2,0,0,0,0,0,0,0,0,2,2,0,0,0,0,0,0,65.33333333333333,0.0,0.0,0.0,0.0,0,0,0
normal_ping,2,196,98.0,98,98,0.00011801719665527344,16946.68282828283,1660774.9171717172,0,0,2,0,0,0,0,0,0,0,0,2,2,0,0,0,0,0,0,65.33333333333333,0.0,0.0,0.0,0.0,0,0,0
normal_ping,2,196,98.0,98,98,0.00010895729064941406,18355.816192560174,1798869.9868708972,0,0,2,0,0,0,0,0,0,0,0,2,2,0,0,0,0,0,0,65.33333333333333,0.0,0.0,0.0,0.0,0,0,0
normal_ping,2,196,98.0,98,98,0.00011301040649414062,17697.48523206751,1734353.552742616,0,0,2,0,0,0,0,0,0,0,0,2,2,0,0,0,0,0,0,65.33333333333333,0.0,0.0,0.0,0.0,0,0,0
normal_ping,2,196,98.0,98,98,0.00015091896057128906,13252.145339652448,1298710.24328594,0,0,2,0,0,0,0,0,0,0,0,2,2,0,0,0,0,0,0,65.33333333333333,0.0,0.0,0.0,0.0,0,0,0
normal_ping,2,196,98.0,98,98,8.988380432128906e-05,22250.949602122015,2180593.0610079574,0,0,2,0,0,0,0,0,0,0,0,2,2,0,0,0,0,0,0,65.33333333333333,0.0,0.0,0.0,0.0,0,0,0
normal_ping,2,196,98.0,98,98,0.00015807151794433594,12652.500754147813,1239945.0739064857,0,0,2,0,0,0,0,0,0,0,0,2,2,0,0,0,0,0,0,65.33333333333333,0.0,0.0,0.0,0.0,0,0,0
normal_ping,2,196,98.0,98,98,0.0001308917999267578,15279.795992714025,1497420.0072859745,0,0,2,0,0,0,0,0,0,0,0,2,2,0,0,0,0,0,0,65.33333333333333,0.0,0.0,0.0,0.0,0,0,0
normal_ping,2,196,98.0,98,98,8.20159912109375e-05,24385.488372093023,2389777.8604651163,0,0,2,0,0,0,0,0,0,0,0,2,2,0,0,0,0,0,0,65.33333333333333,0.0,0.0,0.0,0.0,0,0,0
normal_ping,2,196,98.0,98,98,9.608268737792969e-05,20815.40446650124,2039909.6377171215,0,0,2,0,0,0,0,0,0,0,0,2,2,0,0,0,0,0,0,65.33333333333333,0.0,0.0,0.0,0.0,0,0,0
normal_ping,2,196,98.0,98,98,0.00014400482177734375,13888.423841059603,1361065.536423841,0,0,2,0,0,0,0,0,0,0,0,2,2,0,0,0,0,0,0,65.33333333333333,0.0,0.0,0.0,0.0,0,0,0
normal_ping,2,196,98.0,98,98,0.00011587142944335938,17260.510288065845,1691530.0082304527,0,0,2,0,0,0,0,0,0,0,0,2,2,0,0,0,0,0,0,65.33333333333333,0.0,0.0,0.0,0.0,0,0,0
normal_ping,2,196,98.0,98,98,9.417533874511719e-05,21236.982278481013,2081224.2632911392,0,0,2,0,0,0,0,0,0,0,0,2,2,0,0,0,0,0,0,65.33333333333333,0.0,0.0,0.0,0.0,0,0,0
normal_ping,2,196,98.0,98,98,9.894371032714844e-05,20213.51325301205,1980924.2987951806,0,0,2,0,0,0,0,0,0,0,0,2,2,0,0,0,0,0,0,65.33333333333333,0.0,0.0,0.0,0.0,0,0,0
normal_ping,2,196,98.0,98,98,0.00011706352233886719,17084.741344195518,1674304.651731161,0,0,2,0,0,0,0,0,0,0,0,2,2,0,0,0,0,0,0,65.33333333333333,0.0,0.0,0.0,0.0,0,0,0
normal_ping,2,196,98.0,98,98,0.0016541481018066406,1209.0815797059672,118489.99481118478,0,0,2,0,0,0,0,0,0,0,0,2,2,0,0,0,0,0,0,65.33333333333333,0.0,0.0,0.0,0.0,0,0,0
normal_ping,2,196,98.0,98,98,0.00011491775512695312,17403.7510373444,1705567.601659751,0,0,2,0,0,0,0,0,0,0,0,2,2,0,0,0,0,0,0,65.33333333333333,0.0,0.0,0.0,0.0,0,0,0
normal_ping,2,196,98.0,98,98,8.702278137207031e-05,22982.487671232877,2252283.791780822,0,0,2,0,0,0,0,0,0,0,0,2,2,0,0,0,0,0,0,65.33333333333333,0.0,0.0,0.0,0.0,0,0,0
normal_ping,2,196,98.0,98,98,8.702278137207031e-05,22982.487671232877,2252283.791780822,0,0,2,0,0,0,0,0,0,0,0,2,2,0,0,0,0,0,0,65.33333333333333,0.0,0.0,0.0,0.0,0,0,0
normal_ping,2,196,98.0,98,98,0.00015497207641601562,12905.55076923077,1264743.9753846154,0,0,2,0,0,0,0,0,0,0,0,2,2,0,0,0,0,0,0,65.33333333333333,0.0,0.0,0.0,0.0,0,0,0
normal_ping,2,196,98.0,98,98,0.0004048347473144531,4940.287396937573,484148.1648998822,0,0,2,0,0,0,0,0,0,0,0,2,2,0,0,0,0,0,0,65.33333333333333,0.0,0.0,0.0,0.0,0,0,0
normal_ping,2,196,98.0,98,98,0.0001220703125,16384.0,1605632.0,0,0,2,0,0,0,0,0,0,0,0,2,2,0,0,0,0,0,0,65.33333333333333,0.0,0.0,0.0,0.0,0,0,0
normal_ping,2,196,98.0,98,98,0.00011491775512695312,17403.7510373444,1705567.601659751,0,0,2,0,0,0,0,0,0,0,0,2,2,0,0,0,0,0,0,65.33333333333333,0.0,0.0,0.0,0.0,0,0,0
normal_ping,2,196,98.0,98,98,9.799003601074219e-05,20410.238442822385,2000203.3673965936,0,0,2,0,0,0,0,0,0,0,0,2,2,0,0,0,0,0,0,65.33333333333333,0.0,0.0,0.0,0.0,0,0,0
normal_ping,2,196,98.0,98,98,0.00014400482177734375,13888.423841059603,1361065.536423841,0,0,2,0,0,0,0,0,0,0,0,2,2,0,0,0,0,0,0,65.33333333333333,0.0,0.0,0.0,0.0,0,0,0
normal_ping,2,196,98.0,98,98,0.00011396408081054688,17549.38912133891,1719840.1338912135,0,0,2,0,0,0,0,0,0,0,0,2,2,0,0,0,0,0,0,65.33333333333333,0.0,0.0,0.0,0.0,0,0,0
normal_ping,2,196,98.0,98,98,0.003415822982788086,585.5104348433028,57380.022614643676,0,0,2,0,0,0,0,0,0,0,0,2,2,0,0,0,0,0,0,65.33333333333333,0.0,0.0,0.0,0.0,0,0,0
normal_ping,2,196,98.0,98,98,0.0001239776611328125,16131.938461538462,1580929.9692307692,0,0,2,0,0,0,0,0,0,0,0,2,2,0,0,0,0,0,0,65.33333333333333,0.0,0.0,0.0,0.0,0,0,0
normal_ping,2,196,98.0,98,98,9.202957153320312e-05,21732.145077720208,2129750.2176165804,0,0,2,0,0,0,0,0,0,0,0,2,2,0,0,0,0,0,0,65.33333333333333,0.0,0.0,0.0,0.0,0,0,0
normal_ping,2,196,98.0,98,98,0.00010204315185546875,19599.551401869157,1920756.0373831776,0,0,2,0,0,0,0,0,0,0,0,2,2,0,0,0,0,0,0,65.33333333333333,0.0,0.0,0.0,0.0,0,0,0
normal_ping,2,196,98.0,98,98,9.799003601074219e-05,20410.238442822385,2000203.3673965936,0,0,2,0,0,0,0,0,0,0,0,2,2,0,0,0,0,0,0,65.33333333333333,0.0,0.0,0.0,0.0,0,0,0
normal_ping,2,196,98.0,98,98,0.0001399517059326172,14290.64395229983,1400483.1073253832,0,0,2,0,0,0,0,0,0,0,0,2,2,0,0,0,0,0,0,65.33333333333333,0.0,0.0,0.0,0.0,0,0,0
normal_ping,2,196,98.0,98,98,0.00012087821960449219,16545.577909270218,1621466.6351084812,0,0,2,0,0,0,0,0,0,0,0,2,2,0,0,0,0,0,0,65.33333333333333,0.0,0.0,0.0,0.0,0,0,0
normal_ping,2,196,98.0,98,98,0.00012922286987304688,15477.136531365313,1516759.3800738007,0,0,2,0,0,0,0,0,0,0,0,2,2,0,0,0,0,0,0,65.33333333333333,0.0,0.0,0.0,0.0,0,0,0
normal_ping,2,196,98.0,98,98,0.00011110305786132812,18001.304721030043,1764127.8626609442,0,0,2,0,0,0,0,0,0,0,0,2,2,0,0,0,0,0,0,65.33333333333333,0.0,0.0,0.0,0.0,0,0,0
normal_ping,2,196,98.0,98,98,0.0003819465637207031,5236.334581772784,513160.7890137328,0,0,2,0,0,0,0,0,0,0,0,2,2,0,0,0,0,0,0,65.33333333333333,0.0,0.0,0.0,0.0,0,0,0
normal_ping,2,196,98.0,98,98,0.00015211105346679688,13148.288401253918,1288532.263322884,0,0,2,0,0,0,0,0,0,0,0,2,2,0,0,0,0,0,0,65.33333333333333,0.0,0.0,0.0,0.0,0,0,0
normal_ping,2,196,98.0,98,98,0.00011301040649414062,17697.48523206751,1734353.552742616,0,0,2,0,0,0,0,0,0,0,0,2,2,0,0,0,0,0,0,65.33333333333333,0.0,0.0,0.0,0.0,0,0,0
normal_ping,2,196,98.0,98,98,0.00012111663818359375,16513.007874015748,1618274.7716535432,0,0,2,0,0,0,0,0,0,0,0,2,2,0,0,0,0,0,0,65.33333333333333,0.0,0.0,0.0,0.0,0,0,0
normal_ping,2,196,98.0,98,98,0.00011801719665527344,16946.68282828283,1660774.9171717172,0,0,2,0,0,0,0,0,0,0,0,2,2,0,0,0,0,0,0,65.33333333333333,0.0,0.0,0.0,0.0,0,0,0
normal_ping,2,196,98.0,98,98,0.00011897087097167969,16810.8376753507,1647462.0921843688,0,0,2,0,0,0,0,0,0,0,0,2,2,0,0,0,0,0,0,65.33333333333333,0.0,0.0,0.0,0.0,0,0,0
normal_ping,2,196,98.0,98,98,8.988380432128906e-05,22250.949602122015,2180593.0610079574,0,0,2,0,0,0,0,0,0,0,0,2,2,0,0,0,0,0,0,65.33333333333333,0.0,0.0,0.0,0.0,0,0,0
normal_ping,2,196,98.0,98,98,0.0014910697937011719,1341.3188359449953,131449.24592260952,0,0,2,0,0,0,0,0,0,0,0,2,2,0,0,0,0,0,0,65.33333333333333,0.0,0.0,0.0,0.0,0,0,0
normal_ping,2,196,98.0,98,98,0.00022292137145996094,8971.773262032086,879233.7796791444,0,0,2,0,0,0,0,0,0,0,0,2,2,0,0,0,0,0,0,65.33333333333333,0.0,0.0,0.0,0.0,0,0,0
normal_ping,2,196,98.0,98,98,0.00015497207641601562,12905.55076923077,1264743.9753846154,0,0,2,0,0,0,0,0,0,0,0,2,2,0,0,0,0,0,0,65.33333333333333,0.0,0.0,0.0,0.0,0,0,0
normal_ping,2,196,98.0,98,98,0.00010395050048828125,19239.92660550459,1885512.8073394496,0,0,2,0,0,0,0,0,0,0,0,2,2,0,0,0,0,0,0,65.33333333333333,0.0,0.0,0.0,0.0,0,0,0
normal_ping,2,196,98.0,98,98,0.000125885009765625,15887.515151515152,1556976.4848484849,0,0,2,0,0,0,0,0,0,0,0,2,2,0,0,0,0,0,0,65.33333333333333,0.0,0.0,0.0,0.0,0,0,0
normal_ping,2,196,98.0,98,98,0.00013399124145507812,14926.348754448398,1462782.177935943,0,0,2,0,0,0,0,0,0,0,0,2,2,0,0,0,0,0,0,65.33333333333333,0.0,0.0,0.0,0.0,0,0,0
normal_ping,2,196,98.0,98,98,0.00010609626770019531,18850.804494382024,1847378.8404494382,0,0,2,0,0,0,0,0,0,0,0,2,2,0,0,0,0,0,0,65.33333333333333,0.0,0.0,0.0,0.0,0,0,0
normal_ping,2,196,98.0,98,98,0.00011801719665527344,16946.68282828283,1660774.9171717172,0,0,2,0,0,0,0,0,0,0,0,2,2,0,0,0,0,0,0,65.33333333333333,0.0,0.0,0.0,0.0,0,0,0
normal_ping,2,196,98.0,98,98,0.0002357959747314453,8481.908998988878,831227.08190091,0,0,2,0,0,0,0,0,0,0,0,2,2,0,0,0,0,0,0,65.33333333333333,0.0,0.0,0.0,0.0,0,0,0
normal_ping,2,196,98.0,98,98,0.00011587142944335938,17260.510288065845,1691530.0082304527,0,0,2,0,0,0,0,0,0,0,0,2,2,0,0,0,0,0,0,65.33333333333333,0.0,0.0,0.0,0.0,0,0,0
normal_ping,2,196,98.0,98,98,0.00014495849609375,13797.052631578947,1352111.1578947369,0,0,2,0,0,0,0,0,0,0,0,2,2,0,0,0,0,0,0,65.33333333333333,0.0,0.0,0.0,0.0,0,0,0
normal_ping,2,196,98.0,98,98,0.00012302398681640625,16256.992248062015,1593185.2403100776,0,0,2,0,0,0,0,0,0,0,0,2,2,0,0,0,0,0,0,65.33333333333333,0.0,0.0,0.0,0.0,0,0,0
normal_ping,2,196,98.0,98,98,9.608268737792969e-05,20815.40446650124,2039909.6377171215,0,0,2,0,0,0,0,0,0,0,0,2,2,0,0,0,0,0,0,65.33333333333333,0.0,0.0,0.0,0.0,0,0,0
normal_ping,2,196,98.0,98,98,0.0001418590545654297,14098.500840336135,1381653.0823529412,0,0,2,0,0,0,0,0,0,0,0,2,2,0,0,0,0,0,0,65.33333333333333,0.0,0.0,0.0,0.0,0,0,0
normal_ping,2,196,98.0,98,98,0.00011515617370605469,17367.718426501036,1702036.4057971016,0,0,2,0,0,0,0,0,0,0,0,2,2,0,0,0,0,0,0,65.33333333333333,0.0,0.0,0.0,0.0,0,0,0
normal_ping,2,196,98.0,98,98,0.0005471706390380859,3655.1668845315903,358206.3546840959,0,0,2,0,0,0,0,0,0,0,0,2,2,0,0,0,0,0,0,65.33333333333333,0.0,0.0,0.0,0.0,0,0,0
normal_ping,2,196,98.0,98,98,0.00011491775512695312,17403.7510373444,1705567.601659751,0,0,2,0,0,0,0,0,0,0,0,2,2,0,0,0,0,0,0,65.33333333333333,0.0,0.0,0.0,0.0,0,0,0
normal_ping,2,196,98.0,98,98,0.00013494491577148438,14820.86219081272,1452444.4946996467,0,0,2,0,0,0,0,0,0,0,0,2,2,0,0,0,0,0,0,65.33333333333333,0.0,0.0,0.0,0.0,0,0,0
normal_ping,2,196,98.0,98,98,0.0001010894775390625,19784.45283018868,1938876.3773584906,0,0,2,0,0,0,0,0,0,0,0,2,2,0,0,0,0,0,0,65.33333333333333,0.0,0.0,0.0,0.0,0,0,0
normal_ping,2,196,98.0,98,98,0.0002689361572265625,7436.709219858156,728797.5035460993,0,0,2,0,0,0,0,0,0,0,0,2,2,0,0,0,0,0,0,65.33333333333333,0.0,0.0,0.0,0.0,0,0,0
normal_ping,2,196,98.0,98,98,9.608268737792969e-05,20815.40446650124,2039909.6377171215,0,0,2,0,0,0,0,0,0,0,0,2,2,0,0,0,0,0,0,65.33333333333333,0.0,0.0,0.0,0.0,0,0,0
normal_ping,2,196,98.0,98,98,0.0001239776611328125,16131.938461538462,1580929.9692307692,0,0,2,0,0,0,0,0,0,0,0,2,2,0,0,0,0,0,0,65.33333333333333,0.0,0.0,0.0,0.0,0,0,0
normal_ping,2,196,98.0,98,98,0.0002911090850830078,6870.276822276823,673287.1285831286,0,0,2,0,0,0,0,0,0,0,0,2,2,0,0,0,0,0,0,65.33333333333333,0.0,0.0,0.0,0.0,0,0,0
normal_ping,2,196,98.0,98,98,0.00032806396484375,6096.372093023256,597444.4651162791,0,0,2,0,0,0,0,0,0,0,0,2,2,0,0,0,0,0,0,65.33333333333333,0.0,0.0,0.0,0.0,0,0,0
normal_ping,2,196,98.0,98,98,0.00010704994201660156,18682.86859688196,1830921.1224944321,0,0,2,0,0,0,0,0,0,0,0,2,2,0,0,0,0,0,0,65.33333333333333,0.0,0.0,0.0,0.0,0,0,0
normal_ping,2,196,98.0,98,98,0.00028896331787109375,6921.293729372937,678286.7854785478,0,0,2,0,0,0,0,0,0,0,0,2,2,0,0,0,0,0,0,65.33333333333333,0.0,0.0,0.0,0.0,0,0,0
normal_ping,2,196,98.0,98,98,0.00011920928955078125,16777.216,1644167.168,0,0,2,0,0,0,0,0,0,0,0,2,2,0,0,0,0,0,0,65.33333333333333,0.0,0.0,0.0,0.0,0,0,0
normal_ping,2,196,98.0,98,98,0.00011801719665527344,16946.68282828283,1660774.9171717172,0,0,2,0,0,0,0,0,0,0,0,2,2,0,0,0,0,0,0,65.33333333333333,0.0,0.0,0.0,0.0,0,0,0
normal_ping,2,196,98.0,98,98,0.0001659393310546875,12052.597701149425,1181154.5747126436,0,0,2,0,0,0,0,0,0,0,0,2,2,0,0,0,0,0,0,65.33333333333333,0.0,0.0,0.0,0.0,0,0,0
normal_ping,2,196,98.0,98,98,8.797645568847656e-05,22733.355013550135,2227868.7913279133,0,0,2,0,0,0,0,0,0,0,0,2,2,0,0,0,0,0,0,65.33333333333333,0.0,0.0,0.0,0.0,0,0,0
normal_ping,2,196,98.0,98,98,0.0001800060272216797,11110.739072847682,1088852.4291390728,0,0,2,0,0,0,0,0,0,0,0,2,2,0,0,0,0,0,0,65.33333333333333,0.0,0.0,0.0,0.0,0,0,0
normal_ping,2,196,98.0,98,98,0.0025539398193359375,783.1038088125467,76744.17326362958,0,0,2,0,0,0,0,0,0,0,0,2,2,0,0,0,0,0,0,65.33333333333333,0.0,0.0,0.0,0.0,0,0,0
normal_ping,4,392,98.0,98,98,0.9933388233184814,4.026823382012858,394.62869143726004,0,0,4,0,0,0,0,0,0,0,0,2,2,0,0,0,0,0,0,78.4,0.0,0.0,0.0,0.0,0,0,0
normal_ping,2,196,98.0,98,98,0.00011014938354492188,18157.160173160173,1779401.696969697,0,0,2,0,0,0,0,0,0,0,0,2,2,0,0,0,0,0,0,65.33333333333333,0.0,0.0,0.0,0.0,0,0,0
normal_ping,2,196,98.0,98,98,0.00011801719665527344,16946.68282828283,1660774.9171717172,0,0,2,0,0,0,0,0,0,0,0,2,2,0,0,0,0,0,0,65.33333333333333,0.0,0.0,0.0,0.0,0,0,0
normal_ping,2,196,98.0,98,98,0.0001010894775390625,19784.45283018868,1938876.3773584906,0,0,2,0,0,0,0,0,0,0,0,2,2,0,0,0,0,0,0,65.33333333333333,0.0,0.0,0.0,0.0,0,0,0
normal_ping,2,196,98.0,98,98,0.00010800361633300781,18517.898454746137,1814754.0485651214,0,0,2,0,0,0,0,0,0,0,0,2,2,0,0,0,0,0,0,65.33333333333333,0.0,0.0,0.0,0.0,0,0,0
normal_ping,2,196,98.0,98,98,0.00010013580322265625,19972.876190476192,1957341.8666666667,0,0,2,0,0,0,0,0,0,0,0,2,2,0,0,0,0,0,0,65.33333333333333,0.0,0.0,0.0,0.0,0,0,0
normal_ping,2,196,98.0,98,98,9.107589721679688e-05,21959.706806282724,2152051.2670157067,0,0,2,0,0,0,0,0,0,0,0,2,2,0,0,0,0,0,0,65.33333333333333,0.0,0.0,0.0,0.0,0,0,0
normal_ping,2,196,98.0,98,98,0.00011610984802246094,17225.067761806982,1688056.6406570843,0,0,2,0,0,0,0,0,0,0,0,2,2,0,0,0,0,0,0,65.33333333333333,0.0,0.0,0.0,0.0,0,0,0
normal_ping,2,196,98.0,98,98,9.489059448242188e-05,21076.904522613066,2065536.6432160805,0,0,2,0,0,0,0,0,0,0,0,2,2,0,0,0,0,0,0,65.33333333333333,0.0,0.0,0.0,0.0,0,0,0
normal_ping,2,196,98.0,98,98,0.000102996826171875,19418.074074074073,1902971.2592592593,0,0,2,0,0,0,0,0,0,0,0,2,2,0,0,0,0,0,0,65.33333333333333,0.0,0.0,0.0,0.0,0,0,0
normal_ping,2,196,98.0,98,98,0.00013494491577148438,14820.86219081272,1452444.4946996467,0,0,2,0,0,0,0,0,0,0,0,2,2,0,0,0,0,0,0,65.33333333333333,0.0,0.0,0.0,0.0,0,0,0
normal_ping,2,196,98.0,98,98,0.00011897087097167969,16810.8376753507,1647462.0921843688,0,0,2,0,0,0,0,0,0,0,0,2,2,0,0,0,0,0,0,65.33333333333333,0.0,0.0,0.0,0.0,0,0,0
normal_ping,2,196,98.0,98,98,0.00010800361633300781,18517.898454746137,1814754.0485651214,0,0,2,0,0,0,0,0,0,0,0,2,2,0,0,0,0,0,0,65.33333333333333,0.0,0.0,0.0,0.0,0,0,0
normal_ping,2,196,98.0,98,98,9.393692016601562e-05,21290.883248730963,2086506.5583756345,0,0,2,0,0,0,0,0,0,0,0,2,2,0,0,0,0,0,0,65.33333333333333,0.0,0.0,0.0,0.0,0,0,0
normal_ping,2,196,98.0,98,98,9.799003601074219e-05,20410.238442822385,2000203.3673965936,0,0,2,0,0,0,0,0,0,0,0,2,2,0,0,0,0,0,0,65.33333333333333,0.0,0.0,0.0,0.0,0,0,0
normal_ping,2,196,98.0,98,98,0.00016498565673828125,12122.265895953757,1187982.0578034683,0,0,2,0,0,0,0,0,0,0,0,2,2,0,0,0,0,0,0,65.33333333333333,0.0,0.0,0.0,0.0,0,0,0
normal_ping,2,196,98.0,98,98,0.00011205673217773438,17848.102127659575,1749114.0085106383,0,0,2,0,0,0,0,0,0,0,0,2,2,0,0,0,0,0,0,65.33333333333333,0.0,0.0,0.0,0.0,0,0,0
normal_ping,2,196,98.0,98,98,9.894371032714844e-05,20213.51325301205,1980924.2987951806,0,0,2,0,0,0,0,0,0,0,0,2,2,0,0,0,0,0,0,65.33333333333333,0.0,0.0,0.0,0.0,0,0,0
normal_ping,2,196,98.0,98,98,0.0001480579376220703,13508.225442834138,1323806.0933977456,0,0,2,0,0,0,0,0,0,0,0,2,2,0,0,0,0,0,0,65.33333333333333,0.0,0.0,0.0,0.0,0,0,0
normal_ping,2,196,98.0,98,98,0.00011897087097167969,16810.8376753507,1647462.0921843688,0,0,2,0,0,0,0,0,0,0,0,2,2,0,0,0,0,0,0,65.33333333333333,0.0,0.0,0.0,0.0,0,0,0
normal_ping,2,196,98.0,98,98,0.0001308917999267578,15279.795992714025,1497420.0072859745,0,0,2,0,0,0,0,0,0,0,0,2,2,0,0,0,0,0,0,65.33333333333333,0.0,0.0,0.0,0.0,0,0,0
normal_ping,2,196,98.0,98,98,0.00010085105895996094,19831.224586288416,1943460.0094562648,0,0,2,0,0,0,0,0,0,0,0,2,2,0,0,0,0,0,0,65.33333333333333,0.0,0.0,0.0,0.0,0,0,0
normal_ping,2,196,98.0,98,98,9.799003601074219e-05,20410.238442822385,2000203.3673965936,0,0,2,0,0,0,0,0,0,0,0,2,2,0,0,0,0,0,0,65.33333333333333,0.0,0.0,0.0,0.0,0,0,0
normal_ping,2,196,98.0,98,98,0.00012302398681640625,16256.992248062015,1593185.2403100776,0,0,2,0,0,0,0,0,0,0,0,2,2,0,0,0,0,0,0,65.33333333333333,0.0,0.0,0.0,0.0,0,0,0
normal_ping,2,196,98.0,98,98,0.00013017654418945312,15363.750915750916,1505647.5897435897,0,0,2,0,0,0,0,0,0,0,0,2,2,0,0,0,0,0,0,65.33333333333333,0.0,0.0,0.0,0.0,0,0,0
normal_ping,2,196,98.0,98,98,8.988380432128906e-05,22250.949602122015,2180593.0610079574,0,0,2,0,0,0,0,0,0,0,0,2,2,0,0,0,0,0,0,65.33333333333333,0.0,0.0,0.0,0.0,0,0,0
normal_ping,2,196,98.0,98,98,0.0014009475708007812,1427.6051735874744,139905.3070115725,0,0,2,0,0,0,0,0,0,0,0,2,2,0,0,0,0,0,0,65.33333333333333,0.0,0.0,0.0,0.0,0,0,0
normal_ping,2,196,98.0,98,98,0.00012993812561035156,15391.94128440367,1508410.2458715597,0,0,2,0,0,0,0,0,0,0,0,2,2,0,0,0,0,0,0,65.33333333333333,0.0,0.0,0.0,0.0,0,0,0
normal_ping,2,196,98.0,98,98,0.0001220703125,16384.0,1605632.0,0,0,2,0,0,0,0,0,0,0,0,2,2,0,0,0,0,0,0,65.33333333333333,0.0,0.0,0.0,0.0,0,0,0
normal_ping,2,196,98.0,98,98,0.00028586387634277344,6996.336947456213,685641.0208507089,0,0,2,0,0,0,0,0,0,0,0,2,2,0,0,0,0,0,0,65.33333333333333,0.0,0.0,0.0,0.0,0,0,0
normal_ping,2,196,98.0,98,98,0.00013303756713867188,15033.347670250896,1473268.0716845877,0,0,2,0,0,0,0,0,0,0,0,2,2,0,0,0,0,0,0,65.33333333333333,0.0,0.0,0.0,0.0,0,0,0
normal_ping,2,196,98.0,98,98,0.00011205673217773438,17848.102127659575,1749114.0085106383,0,0,2,0,0,0,0,0,0,0,0,2,2,0,0,0,0,0,0,65.33333333333333,0.0,0.0,0.0,0.0,0,0,0
normal_ping,2,196,98.0,98,98,0.00010418891906738281,19195.899313501144,1881198.1327231121,0,0,2,0,0,0,0,0,0,0,0,2,2,0,0,0,0,0,0,65.33333333333333,0.0,0.0,0.0,0.0,0,0,0
normal_ping,2,196,98.0,98,98,0.00030612945556640625,6533.183800623053,640252.0124610591,0,0,2,0,0,0,0,0,0,0,0,2,2,0,0,0,0,0,0,65.33333333333333,0.0,0.0,0.0,0.0,0,0,0
normal_ping,2,196,98.0,98,98,0.0008118152618408203,2463.614684287812,241434.23906020558,0,0,2,0,0,0,0,0,0,0,0,2,2,0,0,0,0,0,0,65.33333333333333,0.0,0.0,0.0,0.0,0,0,0
normal_ping,2,196,98.0,98,98,0.0013659000396728516,1464.2359923197766,143495.1272473381,0,0,2,0,0,0,0,0,0,0,0,2,2,0,0,0,0,0,0,65.33333333333333,0.0,0.0,0.0,0.0,0,0,0
normal_ping,2,196,98.0,98,98,9.083747863769531e-05,22017.343832020997,2157699.695538058,0,0,2,0,0,0,0,0,0,0,0,2,2,0,0,0,0,0,0,65.33333333333333,0.0,0.0,0.0,0.0,0,0,0
normal_ping,2,196,98.0,98,98,0.00019288063049316406,10369.107540173052,1016172.5389369592,0,0,2,0,0,0,0,0,0,0,0,2,2,0,0,0,0,0,0,65.33333333333333,0.0,0.0,0.0,0.0,0,0,0
normal_ping,2,196,98.0,98,98,0.00015091896057128906,13252.145339652448,1298710.24328594,0,0,2,0,0,0,0,0,0,0,0,2,2,0,0,0,0,0,0,65.33333333333333,0.0,0.0,0.0,0.0,0,0,0
normal_ping,2,196,98.0,98,98,0.00011992454528808594,16677.153081510933,1634361.0019880715,0,0,2,0,0,0,0,0,0,0,0,2,2,0,0,0,0,0,0,65.33333333333333,0.0,0.0,0.0,0.0,0,0,0
normal_ping,2,196,98.0,98,98,0.00011014938354492188,18157.160173160173,1779401.696969697,0,0,2,0,0,0,0,0,0,0,0,2,2,0,0,0,0,0,0,65.33333333333333,0.0,0.0,0.0,0.0,0,0,0
normal_ping,2,196,98.0,98,98,0.00012087821960449219,16545.577909270218,1621466.6351084812,0,0,2,0,0,0,0,0,0,0,0,2,2,0,0,0,0,0,0,65.33333333333333,0.0,0.0,0.0,0.0,0,0,0
normal_ping,2,196,98.0,98,98,0.0002460479736328125,8128.496124031008,796592.6201550388,0,0,2,0,0,0,0,0,0,0,0,2,2,0,0,0,0,0,0,65.33333333333333,0.0,0.0,0.0,0.0,0,0,0
normal_ping,2,196,98.0,98,98,8.702278137207031e-05,22982.487671232877,2252283.791780822,0,0,2,0,0,0,0,0,0,0,0,2,2,0,0,0,0,0,0,65.33333333333333,0.0,0.0,0.0,0.0,0,0,0
normal_ping,2,196,98.0,98,98,9.679794311523438e-05,20661.5960591133,2024836.4137931035,0,0,2,0,0,0,0,0,0,0,0,2,2,0,0,0,0,0,0,65.33333333333333,0.0,0.0,0.0,0.0,0,0,0
normal_ping,2,196,98.0,98,98,9.608268737792969e-05,20815.40446650124,2039909.6377171215,0,0,2,0,0,0,0,0,0,0,0,2,2,0,0,0,0,0,0,65.33333333333333,0.0,0.0,0.0,0.0,0,0,0
normal_ping,2,196,98.0,98,98,0.00011110305786132812,18001.304721030043,1764127.8626609442,0,0,2,0,0,0,0,0,0,0,0,2,2,0,0,0,0,0,0,65.33333333333333,0.0,0.0,0.0,0.0,0,0,0
normal_ping,2,196,98.0,98,98,0.00010418891906738281,19195.899313501144,1881198.1327231121,0,0,2,0,0,0,0,0,0,0,0,2,2,0,0,0,0,0,0,65.33333333333333,0.0,0.0,0.0,0.0,0,0,0
normal_ping,4,869,217.25,98,342,0.8464701175689697,4.72550644964036,1026.6162761843682,0,2,2,0,0,0,0,0,0,2,2,3,3,0,0,0,0,0,67,173.8,0.0,0.0,1.0986122886681098,0.4,0,0,0
normal_ping,2,196,98.0,98,98,0.0004971027374267578,4023.3131894484413,394284.69256594725,0,0,2,0,0,0,0,0,0,0,0,2,2,0,0,0,0,0,0,65.33333333333333,0.0,0.0,0.0,0.0,0,0,0
normal_ping,2,196,98.0,98,98,0.0020902156829833984,956.8390555492186,93770.22744382343,0,0,2,0,0,0,0,0,0,0,0,2,2,0,0,0,0,0,0,65.33333333333333,0.0,0.0,0.0,0.0,0,0,0
normal_ping,2,196,98.0,98,98,0.00012302398681640625,16256.992248062015,1593185.2403100776,0,0,2,0,0,0,0,0,0,0,0,2,2,0,0,0,0,0,0,65.33333333333333,0.0,0.0,0.0,0.0,0,0,0
normal_ping,2,196,98.0,98,98,0.00010895729064941406,18355.816192560174,1798869.9868708972,0,0,2,0,0,0,0,0,0,0,0,2,2,0,0,0,0,0,0,65.33333333333333,0.0,0.0,0.0,0.0,0,0,0
normal_ping,2,196,98.0,98,98,0.00011801719665527344,16946.68282828283,1660774.9171717172,0,0,2,0,0,0,0,0,0,0,0,2,2,0,0,0,0,0,0,65.33333333333333,0.0,0.0,0.0,0.0,0,0,0
normal_ping,2,196,98.0,98,98,0.0003910064697265625,5115.0048780487805,501270.47804878047,0,0,2,0,0,0,0,0,0,0,0,2,2,0,0,0,0,0,0,65.33333333333333,0.0,0.0,0.0,0.0,0,0,0
normal_ping,2,196,98.0,98,98,9.202957153320312e-05,21732.145077720208,2129750.2176165804,0,0,2,0,0,0,0,0,0,0,0,2,2,0,0,0,0,0,0,65.33333333333333,0.0,0.0,0.0,0.0,0,0,0
normal_ping,2,196,98.0,98,98,0.00018095970153808594,11052.184453227932,1083114.0764163374,0,0,2,0,0,0,0,0,0,0,0,2,2,0,0,0,0,0,0,65.33333333333333,0.0,0.0,0.0,0.0,0,0,0
normal_ping,2,196,98.0,98,98,0.00011420249938964844,17512.751565762002,1716249.6534446764,0,0,2,0,0,0,0,0,0,0,0,2,2,0,0,0,0,0,0,65.33333333333333,0.0,0.0,0.0,0.0,0,0,0
normal_ping,2,196,98.0,98,98,0.00013303756713867188,15033.347670250896,1473268.0716845877,0,0,2,0,0,0,0,0,0,0,0,2,2,0,0,0,0,0,0,65.33333333333333,0.0,0.0,0.0,0.0,0,0,0
normal_ping,2,196,98.0,98,98,9.298324584960938e-05,21509.251282051282,2107906.6256410256,0,0,2,0,0,0,0,0,0,0,0,2,2,0,0,0,0,0,0,65.33333333333333,0.0,0.0,0.0,0.0,0,0,0
normal_ping,2,196,98.0,98,98,0.0006361007690429688,3144.1559220389804,308127.2803598201,0,0,2,0,0,0,0,0,0,0,0,2,2,0,0,0,0,0,0,65.33333333333333,0.0,0.0,0.0,0.0,0,0,0
normal_ping,2,196,98.0,98,98,8.821487426757812e-05,22671.913513513515,2221847.5243243244,0,0,2,0,0,0,0,0,0,0,0,2,2,0,0,0,0,0,0,65.33333333333333,0.0,0.0,0.0,0.0,0,0,0
normal_ping,2,196,98.0,98,98,0.00010895729064941406,18355.816192560174,1798869.9868708972,0,0,2,0,0,0,0,0,0,0,0,2,2,0,0,0,0,0,0,65.33333333333333,0.0,0.0,0.0,0.0,0,0,0
normal_ping,2,196,98.0,98,98,0.00010991096496582031,18196.546637744035,1783261.5704989154,0,0,2,0,0,0,0,0,0,0,0,2,2,0,0,0,0,0,0,65.33333333333333,0.0,0.0,0.0,0.0,0,0,0
normal_ping,2,196,98.0,98,98,0.00011396408081054688,17549.38912133891,1719840.1338912135,0,0,2,0,0,0,0,0,0,0,0,2,2,0,0,0,0,0,0,65.33333333333333,0.0,0.0,0.0,0.0,0,0,0
normal_ping,2,196,98.0,98,98,0.00013589859008789062,14716.856140350877,1442251.901754386,0,0,2,0,0,0,0,0,0,0,0,2,2,0,0,0,0,0,0,65.33333333333333,0.0,0.0,0.0,0.0,0,0,0
normal_ping,2,196,98.0,98,98,0.0011088848114013672,1803.613846484627,176754.15695549344,0,0,2,0,0,0,0,0,0,0,0,2,2,0,0,0,0,0,0,65.33333333333333,0.0,0.0,0.0,0.0,0,0,0
normal_ping,2,196,98.0,98,98,0.000125885009765625,15887.515151515152,1556976.4848484849,0,0,2,0,0,0,0,0,0,0,0,2,2,0,0,0,0,0,0,65.33333333333333,0.0,0.0,0.0,0.0,0,0,0
normal_ping,2,196,98.0,98,98,0.00011014938354492188,18157.160173160173,1779401.696969697,0,0,2,0,0,0,0,0,0,0,0,2,2,0,0,0,0,0,0,65.33333333333333,0.0,0.0,0.0,0.0,0,0,0
normal_ping,2,196,98.0,98,98,0.00011801719665527344,16946.68282828283,1660774.9171717172,0,0,2,0,0,0,0,0,0,0,0,2,2,0,0,0,0,0,0,65.33333333333333,0.0,0.0,0.0,0.0,0,0,0
normal_ping,2,196,98.0,98,98,0.00015091896057128906,13252.145339652448,1298710.24328594,0,0,2,0,0,0,0,0,0,0,0,2,2,0,0,0,0,0,0,65.33333333333333,0.0,0.0,0.0,0.0,0,0,0
normal_ping,2,196,98.0,98,98,0.00011491775512695312,17403.7510373444,1705567.601659751,0,0,2,0,0,0,0,0,0,0,0,2,2,0,0,0,0,0,0,65.33333333333333,0.0,0.0,0.0,0.0,0,0,0
normal_ping,2,196,98.0,98,98,0.00013589859008789062,14716.856140350877,1442251.901754386,0,0,2,0,0,0,0,0,0,0,0,2,2,0,0,0,0,0,0,65.33333333333333,0.0,0.0,0.0,0.0,0,0,0
normal_ping,2,196,98.0,98,98,9.202957153320312e-05,21732.145077720208,2129750.2176165804,0,0,2,0,0,0,0,0,0,0,0,2,2,0,0,0,0,0,0,65.33333333333333,0.0,0.0,0.0,0.0,0,0,0
normal_ping,2,196,98.0,98,98,0.00014209747314453125,14074.845637583892,1379334.8724832216,0,0,2,0,0,0,0,0,0,0,0,2,2,0,0,0,0,0,0,65.33333333333333,0.0,0.0,0.0,0.0,0,0,0
normal_ping,2,196,98.0,98,98,0.00010991096496582031,18196.546637744035,1783261.5704989154,0,0,2,0,0,0,0,0,0,0,0,2,2,0,0,0,0,0,0,65.33333333333333,0.0,0.0,0.0,0.0,0,0,0
normal_ping,2,196,98.0,98,98,0.00014901161193847656,13421.7728,1315333.7344,0,0,2,0,0,0,0,0,0,0,0,2,2,0,0,0,0,0,0,65.33333333333333,0.0,0.0,0.0,0.0,0,0,0
normal_ping,2,196,98.0,98,98,0.00011110305786132812,18001.304721030043,1764127.8626609442,0,0,2,0,0,0,0,0,0,0,0,2,2,0,0,0,0,0,0,65.33333333333333,0.0,0.0,0.0,0.0,0,0,0
normal_ping,2,196,98.0,98,98,0.00011491775512695312,17403.7510373444,1705567.601659751,0,0,2,0,0,0,0,0,0,0,0,2,2,0,0,0,0,0,0,65.33333333333333,0.0,0.0,0.0,0.0,0,0,0
normal_ping,2,196,98.0,98,98,0.000247955322265625,8065.969230769231,790464.9846153846,0,0,2,0,0,0,0,0,0,0,0,2,2,0,0,0,0,0,0,65.33333333333333,0.0,0.0,0.0,0.0,0,0,0
normal_ping,2,196,98.0,98,98,9.298324584960938e-05,21509.251282051282,2107906.6256410256,0,0,2,0,0,0,0,0,0,0,0,2,2,0,0,0,0,0,0,65.33333333333333,0.0,0.0,0.0,0.0,0,0,0
normal_ping,2,196,98.0,98,98,0.00011897087097167969,16810.8376753507,1647462.0921843688,0,0,2,0,0,0,0,0,0,0,0,2,2,0,0,0,0,0,0,65.33333333333333,0.0,0.0,0.0,0.0,0,0,0
normal_ping,2,196,98.0,98,98,9.703636169433594e-05,20610.830466830466,2019861.3857493857,0,0,2,0,0,0,0,0,0,0,0,2,2,0,0,0,0,0,0,65.33333333333333,0.0,0.0,0.0,0.0,0,0,0
normal_ping,2,196,98.0,98,98,0.00011396408081054688,17549.38912133891,1719840.1338912135,0,0,2,0,0,0,0,0,0,0,0,2,2,0,0,0,0,0,0,65.33333333333333,0.0,0.0,0.0,0.0,0,0,0
normal_ping,2,196,98.0,98,98,0.00012493133544921875,16008.79389312977,1568861.8015267176,0,0,2,0,0,0,0,0,0,0,0,2,2,0,0,0,0,0,0,65.33333333333333,0.0,0.0,0.0,0.0,0,0,0
normal_ping,2,196,98.0,98,98,0.00012493133544921875,16008.79389312977,1568861.8015267176,0,0,2,0,0,0,0,0,0,0,0,2,2,0,0,0,0,0,0,65.33333333333333,0.0,0.0,0.0,0.0,0,0,0
normal_ping,2,196,98.0,98,98,0.00010418891906738281,19195.899313501144,1881198.1327231121,0,0,2,0,0,0,0,0,0,0,0,2,2,0,0,0,0,0,0,65.33333333333333,0.0,0.0,0.0,0.0,0,0,0
normal_ping,2,196,98.0,98,98,9.703636169433594e-05,20610.830466830466,2019861.3857493857,0,0,2,0,0,0,0,0,0,0,0,2,2,0,0,0,0,0,0,65.33333333333333,0.0,0.0,0.0,0.0,0,0,0
normal_ping,2,196,98.0,98,98,8.893013000488281e-05,22489.565683646113,2203977.436997319,0,0,2,0,0,0,0,0,0,0,0,2,2,0,0,0,0,0,0,65.33333333333333,0.0,0.0,0.0,0.0,0,0,0
normal_ping,2,196,98.0,98,98,0.00010991096496582031,18196.546637744035,1783261.5704989154,0,0,2,0,0,0,0,0,0,0,0,2,2,0,0,0,0,0,0,65.33333333333333,0.0,0.0,0.0,0.0,0,0,0
normal_ping,2,196,98.0,98,98,0.00011277198791503906,17734.900634249472,1738020.262156448,0,0,2,0,0,0,0,0,0,0,0,2,2,0,0,0,0,0,0,65.33333333333333,0.0,0.0,0.0,0.0,0,0,0
normal_ping,2,196,98.0,98,98,0.0001010894775390625,19784.45283018868,1938876.3773584906,0,0,2,0,0,0,0,0,0,0,0,2,2,0,0,0,0,0,0,65.33333333333333,0.0,0.0,0.0,0.0,0,0,0
normal_ping,2,196,98.0,98,98,0.0020411014556884766,979.863100105128,96026.58381030253,0,0,2,0,0,0,0,0,0,0,0,2,2,0,0,0,0,0,0,65.33333333333333,0.0,0.0,0.0,0.0,0,0,0
normal_ping,2,196,98.0,98,98,0.00012111663818359375,16513.007874015748,1618274.7716535432,0,0,2,0,0,0,0,0,0,0,0,2,2,0,0,0,0,0,0,65.33333333333333,0.0,0.0,0.0,0.0,0,0,0
normal_ping,2,196,98.0,98,98,0.00010013580322265625,19972.876190476192,1957341.8666666667,0,0,2,0,0,0,0,0,0,0,0,2,2,0,0,0,0,0,0,65.33333333333333,0.0,0.0,0.0,0.0,0,0,0
normal_ping,2,196,98.0,98,98,0.00011992454528808594,16677.153081510933,1634361.0019880715,0,0,2,0,0,0,0,0,0,0,0,2,2,0,0,0,0,0,0,65.33333333333333,0.0,0.0,0.0,0.0,0,0,0
normal_ping,2,196,98.0,98,98,0.00018405914306640625,10866.072538860104,1064875.1088082902,0,0,2,0,0,0,0,0,0,0,0,2,2,0,0,0,0,0,0,65.33333333333333,0.0,0.0,0.0,0.0,0,0,0
normal_ping,2,196,98.0,98,98,8.916854858398438e-05,22429.433155080213,2198084.449197861,0,0,2,0,0,0,0,0,0,0,0,2,2,0,0,0,0,0,0,65.33333333333333,0.0,0.0,0.0,0.0,0,0,0
normal_ping,2,196,98.0,98,98,9.799003601074219e-05,20410.238442822385,2000203.3673965936,0,0,2,0,0,0,0,0,0,0,0,2,2,0,0,0,0,0,0,65.33333333333333,0.0,0.0,0.0,0.0,0,0,0
normal_ping,2,196,98.0,98,98,0.00011706352233886719,17084.741344195518,1674304.651731161,0,0,2,0,0,0,0,0,0,0,0,2,2,0,0,0,0,0,0,65.33333333333333,0.0,0.0,0.0,0.0,0,0,0
normal_ping,2,196,98.0,98,98,0.00012493133544921875,16008.79389312977,1568861.8015267176,0,0,2,0,0,0,0,0,0,0,0,2,2,0,0,0,0,0,0,65.33333333333333,0.0,0.0,0.0,0.0,0,0,0
normal_ping,2,196,98.0,98,98,0.00012612342834472656,15857.482041587902,1554033.2400756143,0,0,2,0,0,0,0,0,0,0,0,2,2,0,0,0,0,0,0,65.33333333333333,0.0,0.0,0.0,0.0,0,0,0
normal_ping,2,196,98.0,98,98,0.00010085105895996094,19831.224586288416,1943460.0094562648,0,0,2,0,0,0,0,0,0,0,0,2,2,0,0,0,0,0,0,65.33333333333333,0.0,0.0,0.0,0.0,0,0,0
normal_ping,2,196,98.0,98,98,0.01691412925720215,118.24433700294603,11587.945026288711,0,0,2,0,0,0,0,0,0,0,0,2,2,0,0,0,0,0,0,65.33333333333333,0.0,0.0,0.0,0.0,0,0,0
normal_ping,2,196,98.0,98,98,9.107589721679688e-05,21959.706806282724,2152051.2670157067,0,0,2,0,0,0,0,0,0,0,0,2,2,0,0,0,0,0,0,65.33333333333333,0.0,0.0,0.0,0.0,0,0,0
normal_ping,2,196,98.0,98,98,0.0001201629638671875,16644.06349206349,1631118.2222222222,0,0,2,0,0,0,0,0,0,0,0,2,2,0,0,0,0,0,0,65.33333333333333,0.0,0.0,0.0,0.0,0,0,0
normal_ping,2,196,98.0,98,98,0.0001399517059326172,14290.64395229983,1400483.1073253832,0,0,2,0,0,0,0,0,0,0,0,2,2,0,0,0,0,0,0,65.33333333333333,0.0,0.0,0.0,0.0,0,0,0
normal_ping,2,196,98.0,98,98,0.00011610984802246094,17225.067761806982,1688056.6406570843,0,0,2,0,0,0,0,0,0,0,0,2,2,0,0,0,0,0,0,65.33333333333333,0.0,0.0,0.0,0.0,0,0,0
normal_ping,2,196,98.0,98,98,0.0001709461212158203,11699.592747559274,1146560.089260809,0,0,2,0,0,0,0,0,0,0,0,2,2,0,0,0,0,0,0,65.33333333333333,0.0,0.0,0.0,0.0,0,0,0
normal_ping,2,196,98.0,98,98,8.082389831542969e-05,24745.15634218289,2425025.3215339235,0,0,2,0,0,0,0,0,0,0,0,2,2,0,0,0,0,0,0,65.33333333333333,0.0,0.0,0.0,0.0,0,0,0
normal_ping,2,196,98.0,98,98,0.00010991096496582031,18196.546637744035,1783261.5704989154,0,0,2,0,0,0,0,0,0,0,0,2,2,0,0,0,0,0,0,65.33333333333333,0.0,0.0,0.0,0.0,0,0,0
normal_ping,2,196,98.0,98,98,9.584426879882812e-05,20867.18407960199,2044984.039800995,0,0,2,0,0,0,0,0,0,0,0,2,2,0,0,0,0,0,0,65.33333333333333,0.0,0.0,0.0,0.0,0,0,0
normal_ping,2,196,98.0,98,98,7.796287536621094e-05,25653.235474006116,2514017.0764525994,0,0,2,0,0,0,0,0,0,0,0,2,2,0,0,0,0,0,0,65.33333333333333,0.0,0.0,0.0,0.0,0,0,0
normal_ping,2,196,98.0,98,98,0.00015020370483398438,13315.250793650794,1304894.5777777778,0,0,2,0,0,0,0,0,0,0,0,2,2,0,0,0,0,0,0,65.33333333333333,0.0,0.0,0.0,0.0,0,0,0
normal_ping,2,196,98.0,98,98,0.0003631114959716797,5507.950098489822,539779.1096520026,0,0,2,0,0,0,0,0,0,0,0,2,2,0,0,0,0,0,0,65.33333333333333,0.0,0.0,0.0,0.0,0,0,0
normal_ping,2,196,98.0,98,98,0.00012803077697753906,15621.243947858473,1530881.9068901304,0,0,2,0,0,0,0,0,0,0,0,2,2,0,0,0,0,0,0,65.33333333333333,0.0,0.0,0.0,0.0,0,0,0
normal_ping,2,196,98.0,98,98,0.0001049041748046875,19065.01818181818,1868371.7818181817,0,0,2,0,0,0,0,0,0,0,0,2,2,0,0,0,0,0,0,65.33333333333333,0.0,0.0,0.0,0.0,0,0,0
normal_ping,2,196,98.0,98,98,0.00012302398681640625,16256.992248062015,1593185.2403100776,0,0,2,0,0,0,0,0,0,0,0,2,2,0,0,0,0,0,0,65.33333333333333,0.0,0.0,0.0,0.0,0,0,0
normal_ping,2,196,98.0,98,98,9.489059448242188e-05,21076.904522613066,2065536.6432160805,0,0,2,0,0,0,0,0,0,0,0,2,2,0,0,0,0,0,0,65.33333333333333,0.0,0.0,0.0,0.0,0,0,0
normal_ping,2,196,98.0,98,98,8.106231689453125e-05,24672.376470588235,2417892.894117647,0,0,2,0,0,0,0,0,0,0,0,2,2,0,0,0,0,0,0,65.33333333333333,0.0,0.0,0.0,0.0,0,0,0
normal_ping,2,196,98.0,98,98,9.799003601074219e-05,20410.238442822385,2000203.3673965936,0,0,2,0,0,0,0,0,0,0,0,2,2,0,0,0,0,0,0,65.33333333333333,0.0,0.0,0.0,0.0,0,0,0
normal_ping,2,196,98.0,98,98,0.00011301040649414062,17697.48523206751,1734353.552742616,0,0,2,0,0,0,0,0,0,0,0,2,2,0,0,0,0,0,0,65.33333333333333,0.0,0.0,0.0,0.0,0,0,0
normal_ping,2,196,98.0,98,98,0.0001239776611328125,16131.938461538462,1580929.9692307692,0,0,2,0,0,0,0,0,0,0,0,2,2,0,0,0,0,0,0,65.33333333333333,0.0,0.0,0.0,0.0,0,0,0
normal_ping,2,196,98.0,98,98,8.511543273925781e-05,23497.501400560224,2302755.137254902,0,0,2,0,0,0,0,0,0,0,0,2,2,0,0,0,0,0,0,65.33333333333333,0.0,0.0,0.0,0.0,0,0,0
normal_ping,2,196,98.0,98,98,0.0001010894775390625,19784.45283018868,1938876.3773584906,0,0,2,0,0,0,0,0,0,0,0,2,2,0,0,0,0,0,0,65.33333333333333,0.0,0.0,0.0,0.0,0,0,0
normal_ping,2,196,98.0,98,98,9.393692016601562e-05,21290.883248730963,2086506.5583756345,0,0,2,0,0,0,0,0,0,0,0,2,2,0,0,0,0,0,0,65.33333333333333,0.0,0.0,0.0,0.0,0,0,0
normal_ping,2,196,98.0,98,98,0.00012111663818359375,16513.007874015748,1618274.7716535432,0,0,2,0,0,0,0,0,0,0,0,2,2,0,0,0,0,0,0,65.33333333333333,0.0,0.0,0.0,0.0,0,0,0
normal_ping,2,196,98.0,98,98,0.0008101463317871094,2468.689817539729,241931.60211889347,0,0,2,0,0,0,0,0,0,0,0,2,2,0,0,0,0,0,0,65.33333333333333,0.0,0.0,0.0,0.0,0,0,0
normal_ping,2,196,98.0,98,98,0.000102996826171875,19418.074074074073,1902971.2592592593,0,0,2,0,0,0,0,0,0,0,0,2,2,0,0,0,0,0,0,65.33333333333333,0.0,0.0,0.0,0.0,0,0,0
normal_ping,2,196,98.0,98,98,8.893013000488281e-05,22489.565683646113,2203977.436997319,0,0,2,0,0,0,0,0,0,0,0,2,2,0,0,0,0,0,0,65.33333333333333,0.0,0.0,0.0,0.0,0,0,0
normal_ping,2,196,98.0,98,98,0.00010085105895996094,19831.224586288416,1943460.0094562648,0,0,2,0,0,0,0,0,0,0,0,2,2,0,0,0,0,0,0,65.33333333333333,0.0,0.0,0.0,0.0,0,0,0
normal_ping,2,196,98.0,98,98,0.0001220703125,16384.0,1605632.0,0,0,2,0,0,0,0,0,0,0,0,2,2,0,0,0,0,0,0,65.33333333333333,0.0,0.0,0.0,0.0,0,0,0
normal_ping,2,196,98.0,98,98,0.00010395050048828125,19239.92660550459,1885512.8073394496,0,0,2,0,0,0,0,0,0,0,0,2,2,0,0,0,0,0,0,65.33333333333333,0.0,0.0,0.0,0.0,0,0,0
normal_ping,2,196,98.0,98,98,8.296966552734375e-05,24105.19540229885,2362309.1494252873,0,0,2,0,0,0,0,0,0,0,0,2,2,0,0,0,0,0,0,65.33333333333333,0.0,0.0,0.0,0.0,0,0,0
normal_ping,2,196,98.0,98,98,0.0019118785858154297,1046.0915326100512,102516.970195785,0,0,2,0,0,0,0,0,0,0,0,2,2,0,0,0,0,0,0,65.33333333333333,0.0,0.0,0.0,0.0,0,0,0
normal_ping,2,196,98.0,98,98,0.0002598762512207031,7695.970642201835,754205.1229357799,0,0,2,0,0,0,0,0,0,0,0,2,2,0,0,0,0,0,0,65.33333333333333,0.0,0.0,0.0,0.0,0,0,0
normal_ping,2,196,98.0,98,98,0.0006201267242431641,3225.1472510572858,316064.430603614,0,0,2,0,0,0,0,0,0,0,0,2,2,0,0,0,0,0,0,65.33333333333333,0.0,0.0,0.0,0.0,0,0,0
normal_ping,2,196,98.0,98,98,0.00010013580322265625,19972.876190476192,1957341.8666666667,0,0,2,0,0,0,0,0,0,0,0,2,2,0,0,0,0,0,0,65.33333333333333,0.0,0.0,0.0,0.0,0,0,0
normal_ping,2,196,98.0,98,98,0.001987934112548828,1006.0695610458143,98594.8169824898,0,0,2,0,0,0,0,0,0,0,0,2,2,0,0,0,0,0,0,65.33333333333333,0.0,0.0,0.0,0.0,0,0,0
normal_ping,2,196,98.0,98,98,9.202957153320312e-05,21732.145077720208,2129750.2176165804,0,0,2,0,0,0,0,0,0,0,0,2,2,0,0,0,0,0,0,65.33333333333333,0.0,0.0,0.0,0.0,0,0,0
normal_ping,2,196,98.0,98,98,0.00011897087097167969,16810.8376753507,1647462.0921843688,0,0,2,0,0,0,0,0,0,0,0,2,2,0,0,0,0,0,0,65.33333333333333,0.0,0.0,0.0,0.0,0,0,0
normal_ping,2,196,98.0,98,98,0.00011491775512695312,17403.7510373444,1705567.601659751,0,0,2,0,0,0,0,0,0,0,0,2,2,0,0,0,0,0,0,65.33333333333333,0.0,0.0,0.0,0.0,0,0,0
normal_ping,2,196,98.0,98,98,0.00013303756713867188,15033.347670250896,1473268.0716845877,0,0,2,0,0,0,0,0,0,0,0,2,2,0,0,0,0,0,0,65.33333333333333,0.0,0.0,0.0,0.0,0,0,0
normal_ping,2,196,98.0,98,98,0.00011491775512695312,17403.7510373444,1705567.601659751,0,0,2,0,0,0,0,0,0,0,0,2,2,0,0,0,0,0,0,65.33333333333333,0.0,0.0,0.0,0.0,0,0,0
normal_ping,2,196,98.0,98,98,0.00011515617370605469,17367.718426501036,1702036.4057971016,0,0,2,0,0,0,0,0,0,0,0,2,2,0,0,0,0,0,0,65.33333333333333,0.0,0.0,0.0,0.0,0,0,0
normal_ping,2,196,98.0,98,98,9.012222290039062e-05,22192.084656084655,2174824.296296296,0,0,2,0,0,0,0,0,0,0,0,2,2,0,0,0,0,0,0,65.33333333333333,0.0,0.0,0.0,0.0,0,0,0
normal_ping,2,196,98.0,98,98,0.00015997886657714844,12501.65126676602,1225161.82414307,0,0,2,0,0,0,0,0,0,0,0,2,2,0,0,0,0,0,0,65.33333333333333,0.0,0.0,0.0,0.0,0,0,0
normal_ping,2,196,98.0,98,98,0.00019502639770507812,10255.022004889976,1004992.1564792176,0,0,2,0,0,0,0,0,0,0,0,2,2,0,0,0,0,0,0,65.33333333333333,0.0,0.0,0.0,0.0,0,0,0
normal_ping,2,196,98.0,98,98,0.0001308917999267578,15279.795992714025,1497420.0072859745,0,0,2,0,0,0,0,0,0,0,0,2,2,0,0,0,0,0,0,65.33333333333333,0.0,0.0,0.0,0.0,0,0,0
normal_ping,2,196,98.0,98,98,0.00020003318786621094,9998.340882002383,979837.4064362337,0,0,2,0,0,0,0,0,0,0,0,2,2,0,0,0,0,0,0,65.33333333333333,0.0,0.0,0.0,0.0,0,0,0
normal_ping,2,196,98.0,98,98,0.00011515617370605469,17367.718426501036,1702036.4057971016,0,0,2,0,0,0,0,0,0,0,0,2,2,0,0,0,0,0,0,65.33333333333333,0.0,0.0,0.0,0.0,0,0,0
normal_ping,2,196,98.0,98,98,0.00014781951904296875,13530.012903225806,1325941.264516129,0,0,2,0,0,0,0,0,0,0,0,2,2,0,0,0,0,0,0,65.33333333333333,0.0,0.0,0.0,0.0,0,0,0
normal_ping,2,196,98.0,98,98,0.0025701522827148438,778.1640074211502,76260.07272727272,0,0,2,0,0,0,0,0,0,0,0,2,2,0,0,0,0,0,0,65.33333333333333,0.0,0.0,0.0,0.0,0,0,0
normal_ping,2,196,98.0,98,98,0.00014591217041015625,13706.875816993464,1343273.8300653594,0,0,2,0,0,0,0,0,0,0,0,2,2,0,0,0,0,0,0,65.33333333333333,0.0,0.0,0.0,0.0,0,0,0
normal_ping,2,196,98.0,98,98,0.00011396408081054688,17549.38912133891,1719840.1338912135,0,0,2,0,0,0,0,0,0,0,0,2,2,0,0,0,0,0,0,65.33333333333333,0.0,0.0,0.0,0.0,0,0,0
normal_ping,2,196,98.0,98,98,0.00011897087097167969,16810.8376753507,1647462.0921843688,0,0,2,0,0,0,0,0,0,0,0,2,2,0,0,0,0,0,0,65.33333333333333,0.0,0.0,0.0,0.0,0,0,0
normal_ping,2,196,98.0,98,98,0.00010395050048828125,19239.92660550459,1885512.8073394496,0,0,2,0,0,0,0,0,0,0,0,2,2,0,0,0,0,0,0,65.33333333333333,0.0,0.0,0.0,0.0,0,0,0
normal_ping,2,196,98.0,98,98,0.0005371570587158203,3723.305814469596,364883.9698180204,0,0,2,0,0,0,0,0,0,0,0,2,2,0,0,0,0,0,0,65.33333333333333,0.0,0.0,0.0,0.0,0,0,0
normal_ping,2,196,98.0,98,98,0.00011014938354492188,18157.160173160173,1779401.696969697,0,0,2,0,0,0,0,0,0,0,0,2,2,0,0,0,0,0,0,65.33333333333333,0.0,0.0,0.0,0.0,0,0,0
normal_ping,2,196,98.0,98,98,0.00010204315185546875,19599.551401869157,1920756.0373831776,0,0,2,0,0,0,0,0,0,0,0,2,2,0,0,0,0,0,0,65.33333333333333,0.0,0.0,0.0,0.0,0,0,0
normal_ping,2,196,98.0,98,98,0.0004868507385253906,4108.035259549461,402587.4554358472,0,0,2,0,0,0,0,0,0,0,0,2,2,0,0,0,0,0,0,65.33333333333333,0.0,0.0,0.0,0.0,0,0,0
normal_ping,2,196,98.0,98,98,0.00010585784912109375,18893.26126126126,1851539.6036036036,0,0,2,0,0,0,0,0,0,0,0,2,2,0,0,0,0,0,0,65.33333333333333,0.0,0.0,0.0,0.0,0,0,0
normal_ping,2,196,98.0,98,98,0.00020694732666015625,9664.294930875576,947100.9032258064,0,0,2,0,0,0,0,0,0,0,0,2,2,0,0,0,0,0,0,65.33333333333333,0.0,0.0,0.0,0.0,0,0,0
normal_ping,2,196,98.0,98,98,0.0001418590545654297,14098.500840336135,1381653.0823529412,0,0,2,0,0,0,0,0,0,0,0,2,2,0,0,0,0,0,0,65.33333333333333,0.0,0.0,0.0,0.0,0,0,0
normal_ping,2,196,98.0,98,98,0.00023603439331054688,8473.341414141414,830387.4585858586,0,0,2,0,0,0,0,0,0,0,0,2,2,0,0,0,0,0,0,65.33333333333333,0.0,0.0,0.0,0.0,0,0,0
normal_ping,2,196,98.0,98,98,0.00011014938354492188,18157.160173160173,1779401.696969697,0,0,2,0,0,0,0,0,0,0,0,2,2,0,0,0,0,0,0,65.33333333333333,0.0,0.0,0.0,0.0,0,0,0
normal_ping,2,196,98.0,98,98,0.00013113021850585938,15252.014545454545,1494697.4254545455,0,0,2,0,0,0,0,0,0,0,0,2,2,0,0,0,0,0,0,65.33333333333333,0.0,0.0,0.0,0.0,0,0,0
normal_ping,2,196,98.0,98,98,9.202957153320312e-05,21732.145077720208,2129750.2176165804,0,0,2,0,0,0,0,0,0,0,0,2,2,0,0,0,0,0,0,65.33333333333333,0.0,0.0,0.0,0.0,0,0,0
normal_ping,2,196,98.0,98,98,0.00012087821960449219,16545.577909270218,1621466.6351084812,0,0,2,0,0,0,0,0,0,0,0,2,2,0,0,0,0,0,0,65.33333333333333,0.0,0.0,0.0,0.0,0,0,0
normal_ping,2,196,98.0,98,98,0.0010268688201904297,1947.6684467146506,190871.50777803577,0,0,2,0,0,0,0,0,0,0,0,2,2,0,0,0,0,0,0,65.33333333333333,0.0,0.0,0.0,0.0,0,0,0
normal_ping,2,196,98.0,98,98,0.00015783309936523438,12671.61329305136,1241818.1027190331,0,0,2,0,0,0,0,0,0,0,0,2,2,0,0,0,0,0,0,65.33333333333333,0.0,0.0,0.0,0.0,0,0,0
normal_ping,2,196,98.0,98,98,0.00011205673217773438,17848.102127659575,1749114.0085106383,0,0,2,0,0,0,0,0,0,0,0,2,2,0,0,0,0,0,0,65.33333333333333,0.0,0.0,0.0,0.0,0,0,0
normal_ping,2,196,98.0,98,98,8.511543273925781e-05,23497.501400560224,2302755.137254902,0,0,2,0,0,0,0,0,0,0,0,2,2,0,0,0,0,0,0,65.33333333333333,0.0,0.0,0.0,0.0,0,0,0
normal_ping,2,196,98.0,98,98,0.00013303756713867188,15033.347670250896,1473268.0716845877,0,0,2,0,0,0,0,0,0,0,0,2,2,0,0,0,0,0,0,65.33333333333333,0.0,0.0,0.0,0.0,0,0,0
normal_ping,2,196,98.0,98,98,0.00010704994201660156,18682.86859688196,1830921.1224944321,0,0,2,0,0,0,0,0,0,0,0,2,2,0,0,0,0,0,0,65.33333333333333,0.0,0.0,0.0,0.0,0,0,0
normal_ping,2,196,98.0,98,98,0.0033049583435058594,605.1513490116866,59304.83220314529,0,0,2,0,0,0,0,0,0,0,0,2,2,0,0,0,0,0,0,65.33333333333333,0.0,0.0,0.0,0.0,0,0,0
normal_ping,2,196,98.0,98,98,0.0004260540008544922,4694.240626748741,460035.5814213766,0,0,2,0,0,0,0,0,0,0,0,2,2,0,0,0,0,0,0,65.33333333333333,0.0,0.0,0.0,0.0,0,0,0
normal_ping,2,196,98.0,98,98,0.00010013580322265625,19972.876190476192,1957341.8666666667,0,0,2,0,0,0,0,0,0,0,0,2,2,0,0,0,0,0,0,65.33333333333333,0.0,0.0,0.0,0.0,0,0,0
normal_ping,2,196,98.0,98,98,9.703636169433594e-05,20610.830466830466,2019861.3857493857,0,0,2,0,0,0,0,0,0,0,0,2,2,0,0,0,0,0,0,65.33333333333333,0.0,0.0,0.0,0.0,0,0,0
normal_ping,2,196,98.0,98,98,0.00010895729064941406,18355.816192560174,1798869.9868708972,0,0,2,0,0,0,0,0,0,0,0,2,2,0,0,0,0,0,0,65.33333333333333,0.0,0.0,0.0,0.0,0,0,0
normal_ping,2,196,98.0,98,98,0.00011396408081054688,17549.38912133891,1719840.1338912135,0,0,2,0,0,0,0,0,0,0,0,2,2,0,0,0,0,0,0,65.33333333333333,0.0,0.0,0.0,0.0,0,0,0
normal_ping,2,196,98.0,98,98,0.00011110305786132812,18001.304721030043,1764127.8626609442,0,0,2,0,0,0,0,0,0,0,0,2,2,0,0,0,0,0,0,65.33333333333333,0.0,0.0,0.0,0.0,0,0,0
normal_ping,2,196,98.0,98,98,0.00012803077697753906,15621.243947858473,1530881.9068901304,0,0,2,0,0,0,0,0,0,0,0,2,2,0,0,0,0,0,0,65.33333333333333,0.0,0.0,0.0,0.0,0,0,0
normal_ping,2,196,98.0,98,98,0.00024008750915527344,8330.295928500496,816369.0009930487,0,0,2,0,0,0,0,0,0,0,0,2,2,0,0,0,0,0,0,65.33333333333333,0.0,0.0,0.0,0.0,0,0,0
normal_ping,2,196,98.0,98,98,0.00012612342834472656,15857.482041587902,1554033.2400756143,0,0,2,0,0,0,0,0,0,0,0,2,2,0,0,0,0,0,0,65.33333333333333,0.0,0.0,0.0,0.0,0,0,0
normal_ping,2,196,98.0,98,98,0.00011205673217773438,17848.102127659575,1749114.0085106383,0,0,2,0,0,0,0,0,0,0,0,2,2,0,0,0,0,0,0,65.33333333333333,0.0,0.0,0.0,0.0,0,0,0
normal_ping,2,196,98.0,98,98,0.0001049041748046875,19065.01818181818,1868371.7818181817,0,0,2,0,0,0,0,0,0,0,0,2,2,0,0,0,0,0,0,65.33333333333333,0.0,0.0,0.0,0.0,0,0,0
normal_ping,2,196,98.0,98,98,0.00012111663818359375,16513.007874015748,1618274.7716535432,0,0,2,0,0,0,0,0,0,0,0,2,2,0,0,0,0,0,0,65.33333333333333,0.0,0.0,0.0,0.0,0,0,0
normal_ping,2,196,98.0,98,98,0.0051500797271728516,388.3435026156196,38057.66325633073,0,0,2,0,0,0,0,0,0,0,0,2,2,0,0,0,0,0,0,65.33333333333333,0.0,0.0,0.0,0.0,0,0,0
normal_ping,2,196,98.0,98,98,0.00023293495178222656,8586.088024564995,841436.6264073695,0,0,2,0,0,0,0,0,0,0,0,2,2,0,0,0,0,0,0,65.33333333333333,0.0,0.0,0.0,0.0,0,0,0
normal_ping,2,196,98.0,98,98,9.489059448242188e-05,21076.904522613066,2065536.6432160805,0,0,2,0,0,0,0,0,0,0,0,2,2,0,0,0,0,0,0,65.33333333333333,0.0,0.0,0.0,0.0,0,0,0
normal_ping,2,196,98.0,98,98,0.00011801719665527344,16946.68282828283,1660774.9171717172,0,0,2,0,0,0,0,0,0,0,0,2,2,0,0,0,0,0,0,65.33333333333333,0.0,0.0,0.0,0.0,0,0,0
normal_ping,2,196,98.0,98,98,0.00012302398681640625,16256.992248062015,1593185.2403100776,0,0,2,0,0,0,0,0,0,0,0,2,2,0,0,0,0,0,0,65.33333333333333,0.0,0.0,0.0,0.0,0,0,0
normal_ping,2,196,98.0,98,98,0.0050201416015625,398.3951367781155,39042.72340425532,0,0,2,0,0,0,0,0,0,0,0,2,2,0,0,0,0,0,0,65.33333333333333,0.0,0.0,0.0,0.0,0,0,0
normal_ping,2,196,98.0,98,98,0.00011801719665527344,16946.68282828283,1660774.9171717172,0,0,2,0,0,0,0,0,0,0,0,2,2,0,0,0,0,0,0,65.33333333333333,0.0,0.0,0.0,0.0,0,0,0
normal_ping,2,196,98.0,98,98,0.00010895729064941406,18355.816192560174,1798869.9868708972,0,0,2,0,0,0,0,0,0,0,0,2,2,0,0,0,0,0,0,65.33333333333333,0.0,0.0,0.0,0.0,0,0,0
normal_ping,2,196,98.0,98,98,0.0012481212615966797,1602.4084049665712,157036.023686724,0,0,2,0,0,0,0,0,0,0,0,2,2,0,0,0,0,0,0,65.33333333333333,0.0,0.0,0.0,0.0,0,0,0
normal_ping,2,196,98.0,98,98,0.0003409385681152344,5866.159440559441,574883.6251748252,0,0,2,0,0,0,0,0,0,0,0,2,2,0,0,0,0,0,0,65.33333333333333,0.0,0.0,0.0,0.0,0,0,0
normal_ping,2,196,98.0,98,98,0.0002200603485107422,9088.416034669555,890664.7713976165,0,0,2,0,0,0,0,0,0,0,0,2,2,0,0,0,0,0,0,65.33333333333333,0.0,0.0,0.0,0.0,0,0,0
normal_ping,2,196,98.0,98,98,0.00010800361633300781,18517.898454746137,1814754.0485651214,0,0,2,0,0,0,0,0,0,0,0,2,2,0,0,0,0,0,0,65.33333333333333,0.0,0.0,0.0,0.0,0,0,0
normal_ping,2,196,98.0,98,98,0.00010514259338378906,19021.786848072563,1864135.111111111,0,0,2,0,0,0,0,0,0,0,0,2,2,0,0,0,0,0,0,65.33333333333333,0.0,0.0,0.0,0.0,0,0,0
normal_ping,2,196,98.0,98,98,8.702278137207031e-05,22982.487671232877,2252283.791780822,0,0,2,0,0,0,0,0,0,0,0,2,2,0,0,0,0,0,0,65.33333333333333,0.0,0.0,0.0,0.0,0,0,0
normal_ping,2,196,98.0,98,98,0.00010895729064941406,18355.816192560174,1798869.9868708972,0,0,2,0,0,0,0,0,0,0,0,2,2,0,0,0,0,0,0,65.33333333333333,0.0,0.0,0.0,0.0,0,0,0
normal_ping,2,196,98.0,98,98,0.00010704994201660156,18682.86859688196,1830921.1224944321,0,0,2,0,0,0,0,0,0,0,0,2,2,0,0,0,0,0,0,65.33333333333333,0.0,0.0,0.0,0.0,0,0,0
normal_ping,2,196,98.0,98,98,0.00012612342834472656,15857.482041587902,1554033.2400756143,0,0,2,0,0,0,0,0,0,0,0,2,2,0,0,0,0,0,0,65.33333333333333,0.0,0.0,0.0,0.0,0,0,0
normal_ping,2,196,98.0,98,98,0.00013399124145507812,14926.348754448398,1462782.177935943,0,0,2,0,0,0,0,0,0,0,0,2,2,0,0,0,0,0,0,65.33333333333333,0.0,0.0,0.0,0.0,0,0,0
normal_ping,2,196,98.0,98,98,0.00021600723266601562,9258.949227373068,907377.0242825607,0,0,2,0,0,0,0,0,0,0,0,2,2,0,0,0,0,0,0,65.33333333333333,0.0,0.0,0.0,0.0,0,0,0
normal_ping,2,196,98.0,98,98,9.393692016601562e-05,21290.883248730963,2086506.5583756345,0,0,2,0,0,0,0,0,0,0,0,2,2,0,0,0,0,0,0,65.33333333333333,0.0,0.0,0.0,0.0,0,0,0
normal_ping,2,196,98.0,98,98,8.702278137207031e-05,22982.487671232877,2252283.791780822,0,0,2,0,0,0,0,0,0,0,0,2,2,0,0,0,0,0,0,65.33333333333333,0.0,0.0,0.0,0.0,0,0,0
normal_ping,2,196,98.0,98,98,0.004292964935302734,465.87848494946127,45656.09152504721,0,0,2,0,0,0,0,0,0,0,0,2,2,0,0,0,0,0,0,65.33333333333333,0.0,0.0,0.0,0.0,0,0,0
normal_ping,2,196,98.0,98,98,0.00011301040649414062,17697.48523206751,1734353.552742616,0,0,2,0,0,0,0,0,0,0,0,2,2,0,0,0,0,0,0,65.33333333333333,0.0,0.0,0.0,0.0,0,0,0
normal_ping,2,196,98.0,98,98,0.00021004676818847656,9521.688989784336,933125.5209988649,0,0,2,0,0,0,0,0,0,0,0,2,2,0,0,0,0,0,0,65.33333333333333,0.0,0.0,0.0,0.0,0,0,0
normal_ping,2,196,98.0,98,98,0.00010609626770019531,18850.804494382024,1847378.8404494382,0,0,2,0,0,0,0,0,0,0,0,2,2,0,0,0,0,0,0,65.33333333333333,0.0,0.0,0.0,0.0,0,0,0
normal_ping,2,196,98.0,98,98,9.298324584960938e-05,21509.251282051282,2107906.6256410256,0,0,2,0,0,0,0,0,0,0,0,2,2,0,0,0,0,0,0,65.33333333333333,0.0,0.0,0.0,0.0,0,0,0
normal_ping,2,196,98.0,98,98,0.0003170967102050781,6307.224060150376,618107.9578947368,0,0,2,0,0,0,0,0,0,0,0,2,2,0,0,0,0,0,0,65.33333333333333,0.0,0.0,0.0,0.0,0,0,0
normal_ping,2,196,98.0,98,98,0.00011897087097167969,16810.8376753507,1647462.0921843688,0,0,2,0,0,0,0,0,0,0,0,2,2,0,0,0,0,0,0,65.33333333333333,0.0,0.0,0.0,0.0,0,0,0
normal_ping,2,196,98.0,98,98,0.00011014938354492188,18157.160173160173,1779401.696969697,0,0,2,0,0,0,0,0,0,0,0,2,2,0,0,0,0,0,0,65.33333333333333,0.0,0.0,0.0,0.0,0,0,0
normal_ping,2,196,98.0,98,98,0.00010395050048828125,19239.92660550459,1885512.8073394496,0,0,2,0,0,0,0,0,0,0,0,2,2,0,0,0,0,0,0,65.33333333333333,0.0,0.0,0.0,0.0,0,0,0
normal_ping,2,196,98.0,98,98,0.00010991096496582031,18196.546637744035,1783261.5704989154,0,0,2,0,0,0,0,0,0,0,0,2,2,0,0,0,0,0,0,65.33333333333333,0.0,0.0,0.0,0.0,0,0,0
normal_ping,2,196,98.0,98,98,0.00011086463928222656,18040.017204301075,1767921.6860215054,0,0,2,0,0,0,0,0,0,0,0,2,2,0,0,0,0,0,0,65.33333333333333,0.0,0.0,0.0,0.0,0,0,0
normal_ping,2,196,98.0,98,98,0.00012803077697753906,15621.243947858473,1530881.9068901304,0,0,2,0,0,0,0,0,0,0,0,2,2,0,0,0,0,0,0,65.33333333333333,0.0,0.0,0.0,0.0,0,0,0
normal_ping,2,196,98.0,98,98,0.0001800060272216797,11110.739072847682,1088852.4291390728,0,0,2,0,0,0,0,0,0,0,0,2,2,0,0,0,0,0,0,65.33333333333333,0.0,0.0,0.0,0.0,0,0,0
normal_ping,2,196,98.0,98,98,9.202957153320312e-05,21732.145077720208,2129750.2176165804,0,0,2,0,0,0,0,0,0,0,0,2,2,0,0,0,0,0,0,65.33333333333333,0.0,0.0,0.0,0.0,0,0,0
normal_ping,2,196,98.0,98,98,0.0016219615936279297,1233.0748199323828,120841.33235337351,0,0,2,0,0,0,0,0,0,0,0,2,2,0,0,0,0,0,0,65.33333333333333,0.0,0.0,0.0,0.0,0,0,0
normal_ping,2,196,98.0,98,98,0.0004038810729980469,4951.952774498229,485291.37190082646,0,0,2,0,0,0,0,0,0,0,0,2,2,0,0,0,0,0,0,65.33333333333333,0.0,0.0,0.0,0.0,0,0,0
normal_ping,2,196,98.0,98,98,8.487701416015625e-05,23563.505617977527,2309223.550561798,0,0,2,0,0,0,0,0,0,0,0,2,2,0,0,0,0,0,0,65.33333333333333,0.0,0.0,0.0,0.0,0,0,0
normal_ping,2,196,98.0,98,98,0.000102996826171875,19418.074074074073,1902971.2592592593,0,0,2,0,0,0,0,0,0,0,0,2,2,0,0,0,0,0,0,65.33333333333333,0.0,0.0,0.0,0.0,0,0,0
normal_ping,2,196,98.0,98,98,0.00011205673217773438,17848.102127659575,1749114.0085106383,0,0,2,0,0,0,0,0,0,0,0,2,2,0,0,0,0,0,0,65.33333333333333,0.0,0.0,0.0,0.0,0,0,0
normal_ping,2,196,98.0,98,98,0.00013589859008789062,14716.856140350877,1442251.901754386,0,0,2,0,0,0,0,0,0,0,0,2,2,0,0,0,0,0,0,65.33333333333333,0.0,0.0,0.0,0.0,0,0,0
normal_ping,2,196,98.0,98,98,0.00011682510375976562,17119.608163265308,1677721.6,0,0,2,0,0,0,0,0,0,0,0,2,2,0,0,0,0,0,0,65.33333333333333,0.0,0.0,0.0,0.0,0,0,0
normal_ping,2,196,98.0,98,98,9.489059448242188e-05,21076.904522613066,2065536.6432160805,0,0,2,0,0,0,0,0,0,0,0,2,2,0,0,0,0,0,0,65.33333333333333,0.0,0.0,0.0,0.0,0,0,0
normal_ping,2,196,98.0,98,98,9.083747863769531e-05,22017.343832020997,2157699.695538058,0,0,2,0,0,0,0,0,0,0,0,2,2,0,0,0,0,0,0,65.33333333333333,0.0,0.0,0.0,0.0,0,0,0
normal_ping,2,196,98.0,98,98,0.00011396408081054688,17549.38912133891,1719840.1338912135,0,0,2,0,0,0,0,0,0,0,0,2,2,0,0,0,0,0,0,65.33333333333333,0.0,0.0,0.0,0.0,0,0,0
normal_ping,2,196,98.0,98,98,0.00010204315185546875,19599.551401869157,1920756.0373831776,0,0,2,0,0,0,0,0,0,0,0,2,2,0,0,0,0,0,0,65.33333333333333,0.0,0.0,0.0,0.0,0,0,0
normal_ping,2,196,98.0,98,98,0.0001327991485595703,15060.337522441652,1475913.077199282,0,0,2,0,0,0,0,0,0,0,0,2,2,0,0,0,0,0,0,65.33333333333333,0.0,0.0,0.0,0.0,0,0,0
normal_ping,2,196,98.0,98,98,0.00011086463928222656,18040.017204301075,1767921.6860215054,0,0,2,0,0,0,0,0,0,0,0,2,2,0,0,0,0,0,0,65.33333333333333,0.0,0.0,0.0,0.0,0,0,0
normal_ping,2,196,98.0,98,98,0.0036699771881103516,544.9625154290911,53406.32651205093,0,0,2,0,0,0,0,0,0,0,0,2,2,0,0,0,0,0,0,65.33333333333333,0.0,0.0,0.0,0.0,0,0,0
normal_ping,2,196,98.0,98,98,0.0001308917999267578,15279.795992714025,1497420.0072859745,0,0,2,0,0,0,0,0,0,0,0,2,2,0,0,0,0,0,0,65.33333333333333,0.0,0.0,0.0,0.0,0,0,0
normal_ping,2,196,98.0,98,98,9.584426879882812e-05,20867.18407960199,2044984.039800995,0,0,2,0,0,0,0,0,0,0,0,2,2,0,0,0,0,0,0,65.33333333333333,0.0,0.0,0.0,0.0,0,0,0
normal_ping,2,196,98.0,98,98,0.0001270771026611328,15738.476547842401,1542370.7016885553,0,0,2,0,0,0,0,0,0,0,0,2,2,0,0,0,0,0,0,65.33333333333333,0.0,0.0,0.0,0.0,0,0,0
normal_ping,2,196,98.0,98,98,0.0001609325408935547,12427.567407407407,1217901.605925926,0,0,2,0,0,0,0,0,0,0,0,2,2,0,0,0,0,0,0,65.33333333333333,0.0,0.0,0.0,0.0,0,0,0
normal_ping,2,196,98.0,98,98,0.00012803077697753906,15621.243947858473,1530881.9068901304,0,0,2,0,0,0,0,0,0,0,0,2,2,0,0,0,0,0,0,65.33333333333333,0.0,0.0,0.0,0.0,0,0,0
normal_ping,2,196,98.0,98,98,0.0002579689025878906,7752.872458410351,759781.5009242144,0,0,2,0,0,0,0,0,0,0,0,2,2,0,0,0,0,0,0,65.33333333333333,0.0,0.0,0.0,0.0,0,0,0
normal_ping,2,196,98.0,98,98,8.606910705566406e-05,23237.141274238227,2277239.8448753464,0,0,2,0,0,0,0,0,0,0,0,2,2,0,0,0,0,0,0,65.33333333333333,0.0,0.0,0.0,0.0,0,0,0
normal_ping,2,196,98.0,98,98,0.000125885009765625,15887.515151515152,1556976.4848484849,0,0,2,0,0,0,0,0,0,0,0,2,2,0,0,0,0,0,0,65.33333333333333,0.0,0.0,0.0,0.0,0,0,0
normal_ping,3,294,98.0,98,98,0.9999120235443115,3.0002639525886785,294.0258673536905,0,0,3,0,0,0,0,0,0,0,0,2,2,0,0,0,0,0,0,73.5,0.0,0.0,0.0,0.0,0,0,0
normal_ping,1,98,98.0,98,98,0.001,1000.0,98000.0,0,0,1,0,0,0,0,0,0,0,0,1,1,0,0,0,0,0,0,49.0,0.0,0.0,0.0,0.0,0,0,0
normal_ping,2,196,98.0,98,98,0.000102996826171875,19418.074074074073,1902971.2592592593,0,0,2,0,0,0,0,0,0,0,0,2,2,0,0,0,0,0,0,65.33333333333333,0.0,0.0,0.0,0.0,0,0,0
normal_ping,2,196,98.0,98,98,8.487701416015625e-05,23563.505617977527,2309223.550561798,0,0,2,0,0,0,0,0,0,0,0,2,2,0,0,0,0,0,0,65.33333333333333,0.0,0.0,0.0,0.0,0,0,0
normal_ping,2,196,98.0,98,98,0.00010991096496582031,18196.546637744035,1783261.5704989154,0,0,2,0,0,0,0,0,0,0,0,2,2,0,0,0,0,0,0,65.33333333333333,0.0,0.0,0.0,0.0,0,0,0
normal_ping,2,196,98.0,98,98,0.0002300739288330078,8692.858031088082,851900.0870466321,0,0,2,0,0,0,0,0,0,0,0,2,2,0,0,0,0,0,0,65.33333333333333,0.0,0.0,0.0,0.0,0,0,0
normal_ping,2,196,98.0,98,98,9.083747863769531e-05,22017.343832020997,2157699.695538058,0,0,2,0,0,0,0,0,0,0,0,2,2,0,0,0,0,0,0,65.33333333333333,0.0,0.0,0.0,0.0,0,0,0
normal_ping,2,196,98.0,98,98,0.00012612342834472656,15857.482041587902,1554033.2400756143,0,0,2,0,0,0,0,0,0,0,0,2,2,0,0,0,0,0,0,65.33333333333333,0.0,0.0,0.0,0.0,0,0,0
normal_ping,2,196,98.0,98,98,0.00014400482177734375,13888.423841059603,1361065.536423841,0,0,2,0,0,0,0,0,0,0,0,2,2,0,0,0,0,0,0,65.33333333333333,0.0,0.0,0.0,0.0,0,0,0
normal_ping,2,196,98.0,98,98,0.00022101402282714844,9049.199568500539,886821.5577130528,0,0,2,0,0,0,0,0,0,0,0,2,2,0,0,0,0,0,0,65.33333333333333,0.0,0.0,0.0,0.0,0,0,0
normal_ping,2,196,98.0,98,98,9.107589721679688e-05,21959.706806282724,2152051.2670157067,0,0,2,0,0,0,0,0,0,0,0,2,2,0,0,0,0,0,0,65.33333333333333,0.0,0.0,0.0,0.0,0,0,0
normal_ping,2,196,98.0,98,98,0.006740093231201172,296.7318004952246,29079.716448532014,0,0,2,0,0,0,0,0,0,0,0,2,2,0,0,0,0,0,0,65.33333333333333,0.0,0.0,0.0,0.0,0,0,0
normal_ping,2,196,98.0,98,98,0.00033283233642578125,6009.031518624642,588885.0888252149,0,0,2,0,0,0,0,0,0,0,0,2,2,0,0,0,0,0,0,65.33333333333333,0.0,0.0,0.0,0.0,0,0,0
normal_ping,2,196,98.0,98,98,0.016759157180786133,119.33774344529327,11695.09885763874,0,0,2,0,0,0,0,0,0,0,0,2,2,0,0,0,0,0,0,65.33333333333333,0.0,0.0,0.0,0.0,0,0,0
normal_ping,2,196,98.0,98,98,9.703636169433594e-05,20610.830466830466,2019861.3857493857,0,0,2,0,0,0,0,0,0,0,0,2,2,0,0,0,0,0,0,65.33333333333333,0.0,0.0,0.0,0.0,0,0,0
normal_ping,2,196,98.0,98,98,0.00010585784912109375,18893.26126126126,1851539.6036036036,0,0,2,0,0,0,0,0,0,0,0,2,2,0,0,0,0,0,0,65.33333333333333,0.0,0.0,0.0,0.0,0,0,0
normal_ping,2,196,98.0,98,98,9.012222290039062e-05,22192.084656084655,2174824.296296296,0,0,2,0,0,0,0,0,0,0,0,2,2,0,0,0,0,0,0,65.33333333333333,0.0,0.0,0.0,0.0,0,0,0
normal_ping,2,196,98.0,98,98,0.00010395050048828125,19239.92660550459,1885512.8073394496,0,0,2,0,0,0,0,0,0,0,0,2,2,0,0,0,0,0,0,65.33333333333333,0.0,0.0,0.0,0.0,0,0,0
normal_ping,2,196,98.0,98,98,7.390975952148438e-05,27060.025806451613,2651882.529032258,0,0,2,0,0,0,0,0,0,0,0,2,2,0,0,0,0,0,0,65.33333333333333,0.0,0.0,0.0,0.0,0,0,0
normal_ping,2,196,98.0,98,98,8.511543273925781e-05,23497.501400560224,2302755.137254902,0,0,2,0,0,0,0,0,0,0,0,2,2,0,0,0,0,0,0,65.33333333333333,0.0,0.0,0.0,0.0,0,0,0
normal_ping,2,196,98.0,98,98,0.01127314567565918,177.41276991730643,17386.45145189603,0,0,2,0,0,0,0,0,0,0,0,2,2,0,0,0,0,0,0,65.33333333333333,0.0,0.0,0.0,0.0,0,0,0
normal_ping,2,196,98.0,98,98,8.797645568847656e-05,22733.355013550135,2227868.7913279133,0,0,2,0,0,0,0,0,0,0,0,2,2,0,0,0,0,0,0,65.33333333333333,0.0,0.0,0.0,0.0,0,0,0
normal_ping,2,196,98.0,98,98,0.00011396408081054688,17549.38912133891,1719840.1338912135,0,0,2,0,0,0,0,0,0,0,0,2,2,0,0,0,0,0,0,65.33333333333333,0.0,0.0,0.0,0.0,0,0,0
normal_ping,2,196,98.0,98,98,0.002562999725341797,780.3356279069767,76472.89153488372,0,0,2,0,0,0,0,0,0,0,0,2,2,0,0,0,0,0,0,65.33333333333333,0.0,0.0,0.0,0.0,0,0,0
normal_ping,2,196,98.0,98,98,0.0001239776611328125,16131.938461538462,1580929.9692307692,0,0,2,0,0,0,0,0,0,0,0,2,2,0,0,0,0,0,0,65.33333333333333,0.0,0.0,0.0,0.0,0,0,0
normal_ping,4,873,218.25,98,342,0.0370631217956543,107.92399037657442,23554.410899687366,0,2,2,0,0,0,0,0,0,2,2,3,3,0,0,0,0,0,67,174.6,0.0,0.0,1.0986122886681098,0.4,0,0,0
normal_ping,2,196,98.0,98,98,0.0001049041748046875,19065.01818181818,1868371.7818181817,0,0,2,0,0,0,0,0,0,0,0,2,2,0,0,0,0,0,0,65.33333333333333,0.0,0.0,0.0,0.0,0,0,0
normal_ping,2,196,98.0,98,98,0.0001010894775390625,19784.45283018868,1938876.3773584906,0,0,2,0,0,0,0,0,0,0,0,2,2,0,0,0,0,0,0,65.33333333333333,0.0,0.0,0.0,0.0,0,0,0
normal_ping,2,196,98.0,98,98,7.891654968261719e-05,25343.22658610272,2483636.2054380663,0,0,2,0,0,0,0,0,0,0,0,2,2,0,0,0,0,0,0,65.33333333333333,0.0,0.0,0.0,0.0,0,0,0
normal_ping,2,196,98.0,98,98,0.00013685226440429688,14614.299651567944,1432201.3658536586,0,0,2,0,0,0,0,0,0,0,0,2,2,0,0,0,0,0,0,65.33333333333333,0.0,0.0,0.0,0.0,0,0,0
normal_ping,2,196,98.0,98,98,0.00011014938354492188,18157.160173160173,1779401.696969697,0,0,2,0,0,0,0,0,0,0,0,2,2,0,0,0,0,0,0,65.33333333333333,0.0,0.0,0.0,0.0,0,0,0
normal_ping,2,196,98.0,98,98,9.608268737792969e-05,20815.40446650124,2039909.6377171215,0,0,2,0,0,0,0,0,0,0,0,2,2,0,0,0,0,0,0,65.33333333333333,0.0,0.0,0.0,0.0,0,0,0
normal_ping,2,196,98.0,98,98,0.00010895729064941406,18355.816192560174,1798869.9868708972,0,0,2,0,0,0,0,0,0,0,0,2,2,0,0,0,0,0,0,65.33333333333333,0.0,0.0,0.0,0.0,0,0,0
normal_ping,2,196,98.0,98,98,0.00013399124145507812,14926.348754448398,1462782.177935943,0,0,2,0,0,0,0,0,0,0,0,2,2,0,0,0,0,0,0,65.33333333333333,0.0,0.0,0.0,0.0,0,0,0
normal_ping,2,196,98.0,98,98,9.298324584960938e-05,21509.251282051282,2107906.6256410256,0,0,2,0,0,0,0,0,0,0,0,2,2,0,0,0,0,0,0,65.33333333333333,0.0,0.0,0.0,0.0,0,0,0
normal_ping,2,196,98.0,98,98,0.00011682510375976562,17119.608163265308,1677721.6,0,0,2,0,0,0,0,0,0,0,0,2,2,0,0,0,0,0,0,65.33333333333333,0.0,0.0,0.0,0.0,0,0,0
normal_ping,2,196,98.0,98,98,0.00011610984802246094,17225.067761806982,1688056.6406570843,0,0,2,0,0,0,0,0,0,0,0,2,2,0,0,0,0,0,0,65.33333333333333,0.0,0.0,0.0,0.0,0,0,0
normal_ping,2,196,98.0,98,98,0.00010800361633300781,18517.898454746137,1814754.0485651214,0,0,2,0,0,0,0,0,0,0,0,2,2,0,0,0,0,0,0,65.33333333333333,0.0,0.0,0.0,0.0,0,0,0
normal_ping,2,196,98.0,98,98,0.00011992454528808594,16677.153081510933,1634361.0019880715,0,0,2,0,0,0,0,0,0,0,0,2,2,0,0,0,0,0,0,65.33333333333333,0.0,0.0,0.0,0.0,0,0,0
normal_ping,2,196,98.0,98,98,0.000392913818359375,5090.174757281553,498837.12621359224,0,0,2,0,0,0,0,0,0,0,0,2,2,0,0,0,0,0,0,65.33333333333333,0.0,0.0,0.0,0.0,0,0,0
normal_ping,2,196,98.0,98,98,0.00010895729064941406,18355.816192560174,1798869.9868708972,0,0,2,0,0,0,0,0,0,0,0,2,2,0,0,0,0,0,0,65.33333333333333,0.0,0.0,0.0,0.0,0,0,0
normal_ping,2,196,98.0,98,98,9.608268737792969e-05,20815.40446650124,2039909.6377171215,0,0,2,0,0,0,0,0,0,0,0,2,2,0,0,0,0,0,0,65.33333333333333,0.0,0.0,0.0,0.0,0,0,0
normal_ping,2,196,98.0,98,98,0.00011992454528808594,16677.153081510933,1634361.0019880715,0,0,2,0,0,0,0,0,0,0,0,2,2,0,0,0,0,0,0,65.33333333333333,0.0,0.0,0.0,0.0,0,0,0
normal_ping,2,196,98.0,98,98,0.00018095970153808594,11052.184453227932,1083114.0764163374,0,0,2,0,0,0,0,0,0,0,0,2,2,0,0,0,0,0,0,65.33333333333333,0.0,0.0,0.0,0.0,0,0,0
normal_ping,2,196,98.0,98,98,0.000370025634765625,5405.030927835051,529693.030927835,0,0,2,0,0,0,0,0,0,0,0,2,2,0,0,0,0,0,0,65.33333333333333,0.0,0.0,0.0,0.0,0,0,0
normal_ping,2,196,98.0,98,98,0.00013709068298339844,14588.88347826087,1429710.5808695653,0,0,2,0,0,0,0,0,0,0,0,2,2,0,0,0,0,0,0,65.33333333333333,0.0,0.0,0.0,0.0,0,0,0
normal_ping,2,196,98.0,98,98,0.00011301040649414062,17697.48523206751,1734353.552742616,0,0,2,0,0,0,0,0,0,0,0,2,2,0,0,0,0,0,0,65.33333333333333,0.0,0.0,0.0,0.0,0,0,0
normal_ping,2,196,98.0,98,98,0.0001239776611328125,16131.938461538462,1580929.9692307692,0,0,2,0,0,0,0,0,0,0,0,2,2,0,0,0,0,0,0,65.33333333333333,0.0,0.0,0.0,0.0,0,0,0
normal_ping,2,196,98.0,98,98,9.202957153320312e-05,21732.145077720208,2129750.2176165804,0,0,2,0,0,0,0,0,0,0,0,2,2,0,0,0,0,0,0,65.33333333333333,0.0,0.0,0.0,0.0,0,0,0
normal_ping,2,196,98.0,98,98,9.512901306152344e-05,21024.080200501252,2060359.8596491227,0,0,2,0,0,0,0,0,0,0,0,2,2,0,0,0,0,0,0,65.33333333333333,0.0,0.0,0.0,0.0,0,0,0
normal_ping,2,196,98.0,98,98,0.0001220703125,16384.0,1605632.0,0,0,2,0,0,0,0,0,0,0,0,2,2,0,0,0,0,0,0,65.33333333333333,0.0,0.0,0.0,0.0,0,0,0
normal_ping,2,196,98.0,98,98,0.0001888275146484375,10591.676767676769,1037984.3232323233,0,0,2,0,0,0,0,0,0,0,0,2,2,0,0,0,0,0,0,65.33333333333333,0.0,0.0,0.0,0.0,0,0,0
normal_ping,2,196,98.0,98,98,0.00010204315185546875,19599.551401869157,1920756.0373831776,0,0,2,0,0,0,0,0,0,0,0,2,2,0,0,0,0,0,0,65.33333333333333,0.0,0.0,0.0,0.0,0,0,0
normal_ping,2,196,98.0,98,98,0.00011587142944335938,17260.510288065845,1691530.0082304527,0,0,2,0,0,0,0,0,0,0,0,2,2,0,0,0,0,0,0,65.33333333333333,0.0,0.0,0.0,0.0,0,0,0
normal_ping,2,196,98.0,98,98,0.00012111663818359375,16513.007874015748,1618274.7716535432,0,0,2,0,0,0,0,0,0,0,0,2,2,0,0,0,0,0,0,65.33333333333333,0.0,0.0,0.0,0.0,0,0,0
normal_ping,2,196,98.0,98,98,0.00011301040649414062,17697.48523206751,1734353.552742616,0,0,2,0,0,0,0,0,0,0,0,2,2,0,0,0,0,0,0,65.33333333333333,0.0,0.0,0.0,0.0,0,0,0
normal_ping,2,196,98.0,98,98,0.00011301040649414062,17697.48523206751,1734353.552742616,0,0,2,0,0,0,0,0,0,0,0,2,2,0,0,0,0,0,0,65.33333333333333,0.0,0.0,0.0,0.0,0,0,0
normal_ping,2,196,98.0,98,98,0.00010204315185546875,19599.551401869157,1920756.0373831776,0,0,2,0,0,0,0,0,0,0,0,2,2,0,0,0,0,0,0,65.33333333333333,0.0,0.0,0.0,0.0,0,0,0
normal_ping,2,196,98.0,98,98,0.00010991096496582031,18196.546637744035,1783261.5704989154,0,0,2,0,0,0,0,0,0,0,0,2,2,0,0,0,0,0,0,65.33333333333333,0.0,0.0,0.0,0.0,0,0,0
normal_ping,2,196,98.0,98,98,0.0002257823944091797,8858.086589229144,868092.4857444562,0,0,2,0,0,0,0,0,0,0,0,2,2,0,0,0,0,0,0,65.33333333333333,0.0,0.0,0.0,0.0,0,0,0
normal_ping,2,196,98.0,98,98,0.00012087821960449219,16545.577909270218,1621466.6351084812,0,0,2,0,0,0,0,0,0,0,0,2,2,0,0,0,0,0,0,65.33333333333333,0.0,0.0,0.0,0.0,0,0,0
normal_ping,2,196,98.0,98,98,0.00010204315185546875,19599.551401869157,1920756.0373831776,0,0,2,0,0,0,0,0,0,0,0,2,2,0,0,0,0,0,0,65.33333333333333,0.0,0.0,0.0,0.0,0,0,0
normal_ping,2,196,98.0,98,98,0.00010418891906738281,19195.899313501144,1881198.1327231121,0,0,2,0,0,0,0,0,0,0,0,2,2,0,0,0,0,0,0,65.33333333333333,0.0,0.0,0.0,0.0,0,0,0
normal_ping,2,196,98.0,98,98,0.00011396408081054688,17549.38912133891,1719840.1338912135,0,0,2,0,0,0,0,0,0,0,0,2,2,0,0,0,0,0,0,65.33333333333333,0.0,0.0,0.0,0.0,0,0,0
normal_ping,2,196,98.0,98,98,9.989738464355469e-05,20020.54415274463,1962013.3269689737,0,0,2,0,0,0,0,0,0,0,0,2,2,0,0,0,0,0,0,65.33333333333333,0.0,0.0,0.0,0.0,0,0,0
normal_ping,2,196,98.0,98,98,0.00011086463928222656,18040.017204301075,1767921.6860215054,0,0,2,0,0,0,0,0,0,0,0,2,2,0,0,0,0,0,0,65.33333333333333,0.0,0.0,0.0,0.0,0,0,0
normal_ping,2,196,98.0,98,98,0.00011301040649414062,17697.48523206751,1734353.552742616,0,0,2,0,0,0,0,0,0,0,0,2,2,0,0,0,0,0,0,65.33333333333333,0.0,0.0,0.0,0.0,0,0,0
normal_ping,2,196,98.0,98,98,0.00011897087097167969,16810.8376753507,1647462.0921843688,0,0,2,0,0,0,0,0,0,0,0,2,2,0,0,0,0,0,0,65.33333333333333,0.0,0.0,0.0,0.0,0,0,0
normal_ping,2,196,98.0,98,98,0.00011014938354492188,18157.160173160173,1779401.696969697,0,0,2,0,0,0,0,0,0,0,0,2,2,0,0,0,0,0,0,65.33333333333333,0.0,0.0,0.0,0.0,0,0,0
normal_ping,2,196,98.0,98,98,0.00016808509826660156,11898.73475177305,1166076.005673759,0,0,2,0,0,0,0,0,0,0,0,2,2,0,0,0,0,0,0,65.33333333333333,0.0,0.0,0.0,0.0,0,0,0
normal_ping,2,196,98.0,98,98,0.00011992454528808594,16677.153081510933,1634361.0019880715,0,0,2,0,0,0,0,0,0,0,0,2,2,0,0,0,0,0,0,65.33333333333333,0.0,0.0,0.0,0.0,0,0,0
normal_ping,4,392,98.0,98,98,0.9998891353607178,4.000443507726453,392.0434637571924,0,0,4,0,0,0,0,0,0,0,0,2,2,0,0,0,0,0,0,78.4,0.0,0.0,0.0,0.0,0,0,0
normal_ping,2,196,98.0,98,98,9.298324584960938e-05,21509.251282051282,2107906.6256410256,0,0,2,0,0,0,0,0,0,0,0,2,2,0,0,0,0,0,0,65.33333333333333,0.0,0.0,0.0,0.0,0,0,0
normal_ping,2,196,98.0,98,98,0.00011706352233886719,17084.741344195518,1674304.651731161,0,0,2,0,0,0,0,0,0,0,0,2,2,0,0,0,0,0,0,65.33333333333333,0.0,0.0,0.0,0.0,0,0,0
normal_ping,2,196,98.0,98,98,0.00015211105346679688,13148.288401253918,1288532.263322884,0,0,2,0,0,0,0,0,0,0,0,2,2,0,0,0,0,0,0,65.33333333333333,0.0,0.0,0.0,0.0,0,0,0
normal_ping,2,196,98.0,98,98,0.00011610984802246094,17225.067761806982,1688056.6406570843,0,0,2,0,0,0,0,0,0,0,0,2,2,0,0,0,0,0,0,65.33333333333333,0.0,0.0,0.0,0.0,0,0,0
normal_ping,2,196,98.0,98,98,9.393692016601562e-05,21290.883248730963,2086506.5583756345,0,0,2,0,0,0,0,0,0,0,0,2,2,0,0,0,0,0,0,65.33333333333333,0.0,0.0,0.0,0.0,0,0,0
normal_ping,2,196,98.0,98,98,0.00010585784912109375,18893.26126126126,1851539.6036036036,0,0,2,0,0,0,0,0,0,0,0,2,2,0,0,0,0,0,0,65.33333333333333,0.0,0.0,0.0,0.0,0,0,0
normal_ping,2,196,98.0,98,98,0.00013303756713867188,15033.347670250896,1473268.0716845877,0,0,2,0,0,0,0,0,0,0,0,2,2,0,0,0,0,0,0,65.33333333333333,0.0,0.0,0.0,0.0,0,0,0
normal_ping,2,196,98.0,98,98,0.00010704994201660156,18682.86859688196,1830921.1224944321,0,0,2,0,0,0,0,0,0,0,0,2,2,0,0,0,0,0,0,65.33333333333333,0.0,0.0,0.0,0.0,0,0,0
normal_ping,2,196,98.0,98,98,0.00010919570922851562,18315.737991266375,1794942.3231441048,0,0,2,0,0,0,0,0,0,0,0,2,2,0,0,0,0,0,0,65.33333333333333,0.0,0.0,0.0,0.0,0,0,0
normal_ping,2,196,98.0,98,98,9.918212890625e-05,20164.923076923078,1976162.4615384615,0,0,2,0,0,0,0,0,0,0,0,2,2,0,0,0,0,0,0,65.33333333333333,0.0,0.0,0.0,0.0,0,0,0
normal_ping,2,196,98.0,98,98,0.00010395050048828125,19239.92660550459,1885512.8073394496,0,0,2,0,0,0,0,0,0,0,0,2,2,0,0,0,0,0,0,65.33333333333333,0.0,0.0,0.0,0.0,0,0,0
normal_ping,2,196,98.0,98,98,0.00015997886657714844,12501.65126676602,1225161.82414307,0,0,2,0,0,0,0,0,0,0,0,2,2,0,0,0,0,0,0,65.33333333333333,0.0,0.0,0.0,0.0,0,0,0
normal_ping,2,196,98.0,98,98,8.106231689453125e-05,24672.376470588235,2417892.894117647,0,0,2,0,0,0,0,0,0,0,0,2,2,0,0,0,0,0,0,65.33333333333333,0.0,0.0,0.0,0.0,0,0,0
normal_ping,2,196,98.0,98,98,0.00010013580322265625,19972.876190476192,1957341.8666666667,0,0,2,0,0,0,0,0,0,0,0,2,2,0,0,0,0,0,0,65.33333333333333,0.0,0.0,0.0,0.0,0,0,0
normal_ping,2,196,98.0,98,98,7.915496826171875e-05,25266.89156626506,2476155.373493976,0,0,2,0,0,0,0,0,0,0,0,2,2,0,0,0,0,0,0,65.33333333333333,0.0,0.0,0.0,0.0,0,0,0
normal_ping,2,196,98.0,98,98,0.00011396408081054688,17549.38912133891,1719840.1338912135,0,0,2,0,0,0,0,0,0,0,0,2,2,0,0,0,0,0,0,65.33333333333333,0.0,0.0,0.0,0.0,0,0,0
normal_ping,2,196,98.0,98,98,0.0010869503021240234,1840.0105286246985,180321.03180522044,0,0,2,0,0,0,0,0,0,0,0,2,2,0,0,0,0,0,0,65.33333333333333,0.0,0.0,0.0,0.0,0,0,0
normal_ping,2,196,98.0,98,98,0.0001468658447265625,13617.87012987013,1334551.2727272727,0,0,2,0,0,0,0,0,0,0,0,2,2,0,0,0,0,0,0,65.33333333333333,0.0,0.0,0.0,0.0,0,0,0
normal_ping,2,196,98.0,98,98,0.00015997886657714844,12501.65126676602,1225161.82414307,0,0,2,0,0,0,0,0,0,0,0,2,2,0,0,0,0,0,0,65.33333333333333,0.0,0.0,0.0,0.0,0,0,0
normal_ping,2,196,98.0,98,98,0.00011301040649414062,17697.48523206751,1734353.552742616,0,0,2,0,0,0,0,0,0,0,0,2,2,0,0,0,0,0,0,65.33333333333333,0.0,0.0,0.0,0.0,0,0,0
normal_ping,2,196,98.0,98,98,9.298324584960938e-05,21509.251282051282,2107906.6256410256,0,0,2,0,0,0,0,0,0,0,0,2,2,0,0,0,0,0,0,65.33333333333333,0.0,0.0,0.0,0.0,0,0,0
normal_ping,2,196,98.0,98,98,8.487701416015625e-05,23563.505617977527,2309223.550561798,0,0,2,0,0,0,0,0,0,0,0,2,2,0,0,0,0,0,0,65.33333333333333,0.0,0.0,0.0,0.0,0,0,0
normal_ping,2,196,98.0,98,98,0.00011491775512695312,17403.7510373444,1705567.601659751,0,0,2,0,0,0,0,0,0,0,0,2,2,0,0,0,0,0,0,65.33333333333333,0.0,0.0,0.0,0.0,0,0,0
normal_ping,2,196,98.0,98,98,0.0001590251922607422,12576.623688155922,1232509.1214392805,0,0,2,0,0,0,0,0,0,0,0,2,2,0,0,0,0,0,0,65.33333333333333,0.0,0.0,0.0,0.0,0,0,0
normal_ping,2,196,98.0,98,98,9.202957153320312e-05,21732.145077720208,2129750.2176165804,0,0,2,0,0,0,0,0,0,0,0,2,2,0,0,0,0,0,0,65.33333333333333,0.0,0.0,0.0,0.0,0,0,0
normal_ping,2,196,98.0,98,98,9.822845458984375e-05,20360.699029126212,1995348.504854369,0,0,2,0,0,0,0,0,0,0,0,2,2,0,0,0,0,0,0,65.33333333333333,0.0,0.0,0.0,0.0,0,0,0
normal_ping,2,196,98.0,98,98,0.00014019012451171875,14266.340136054421,1398101.3333333333,0,0,2,0,0,0,0,0,0,0,0,2,2,0,0,0,0,0,0,65.33333333333333,0.0,0.0,0.0,0.0,0,0,0
normal_ping,2,196,98.0,98,98,0.00010800361633300781,18517.898454746137,1814754.0485651214,0,0,2,0,0,0,0,0,0,0,0,2,2,0,0,0,0,0,0,65.33333333333333,0.0,0.0,0.0,0.0,0,0,0
normal_ping,2,196,98.0,98,98,0.0009899139404296875,2020.3776493256262,197997.00963391137,0,0,2,0,0,0,0,0,0,0,0,2,2,0,0,0,0,0,0,65.33333333333333,0.0,0.0,0.0,0.0,0,0,0
normal_ping,2,196,98.0,98,98,0.0001430511474609375,13981.013333333334,1370139.3066666666,0,0,2,0,0,0,0,0,0,0,0,2,2,0,0,0,0,0,0,65.33333333333333,0.0,0.0,0.0,0.0,0,0,0
normal_ping,2,196,98.0,98,98,0.00011897087097167969,16810.8376753507,1647462.0921843688,0,0,2,0,0,0,0,0,0,0,0,2,2,0,0,0,0,0,0,65.33333333333333,0.0,0.0,0.0,0.0,0,0,0
normal_ping,2,196,98.0,98,98,9.512901306152344e-05,21024.080200501252,2060359.8596491227,0,0,2,0,0,0,0,0,0,0,0,2,2,0,0,0,0,0,0,65.33333333333333,0.0,0.0,0.0,0.0,0,0,0
normal_ping,2,196,98.0,98,98,9.417533874511719e-05,21236.982278481013,2081224.2632911392,0,0,2,0,0,0,0,0,0,0,0,2,2,0,0,0,0,0,0,65.33333333333333,0.0,0.0,0.0,0.0,0,0,0
normal_ping,2,196,98.0,98,98,0.0036318302154541016,550.6865358104116,53967.280509420336,0,0,2,0,0,0,0,0,0,0,0,2,2,0,0,0,0,0,0,65.33333333333333,0.0,0.0,0.0,0.0,0,0,0
normal_ping,2,196,98.0,98,98,0.001911163330078125,1046.4830339321356,102555.3373253493,0,0,2,0,0,0,0,0,0,0,0,2,2,0,0,0,0,0,0,65.33333333333333,0.0,0.0,0.0,0.0,0,0,0
normal_ping,2,196,98.0,98,98,0.00011420249938964844,17512.751565762002,1716249.6534446764,0,0,2,0,0,0,0,0,0,0,0,2,2,0,0,0,0,0,0,65.33333333333333,0.0,0.0,0.0,0.0,0,0,0
normal_ping,2,196,98.0,98,98,0.00010800361633300781,18517.898454746137,1814754.0485651214,0,0,2,0,0,0,0,0,0,0,0,2,2,0,0,0,0,0,0,65.33333333333333,0.0,0.0,0.0,0.0,0,0,0
normal_ping,2,196,98.0,98,98,8.392333984375e-05,23831.272727272728,2335464.727272727,0,0,2,0,0,0,0,0,0,0,0,2,2,0,0,0,0,0,0,65.33333333333333,0.0,0.0,0.0,0.0,0,0,0
normal_ping,2,196,98.0,98,98,9.107589721679688e-05,21959.706806282724,2152051.2670157067,0,0,2,0,0,0,0,0,0,0,0,2,2,0,0,0,0,0,0,65.33333333333333,0.0,0.0,0.0,0.0,0,0,0
normal_ping,2,196,98.0,98,98,9.799003601074219e-05,20410.238442822385,2000203.3673965936,0,0,2,0,0,0,0,0,0,0,0,2,2,0,0,0,0,0,0,65.33333333333333,0.0,0.0,0.0,0.0,0,0,0
normal_ping,2,196,98.0,98,98,0.00030303001403808594,6600.006294256491,646800.6168371361,0,0,2,0,0,0,0,0,0,0,0,2,2,0,0,0,0,0,0,65.33333333333333,0.0,0.0,0.0,0.0,0,0,0
normal_ping,2,196,98.0,98,98,0.00012993812561035156,15391.94128440367,1508410.2458715597,0,0,2,0,0,0,0,0,0,0,0,2,2,0,0,0,0,0,0,65.33333333333333,0.0,0.0,0.0,0.0,0,0,0
normal_ping,2,196,98.0,98,98,9.608268737792969e-05,20815.40446650124,2039909.6377171215,0,0,2,0,0,0,0,0,0,0,0,2,2,0,0,0,0,0,0,65.33333333333333,0.0,0.0,0.0,0.0,0,0,0
normal_ping,2,196,98.0,98,98,0.00011610984802246094,17225.067761806982,1688056.6406570843,0,0,2,0,0,0,0,0,0,0,0,2,2,0,0,0,0,0,0,65.33333333333333,0.0,0.0,0.0,0.0,0,0,0
normal_ping,2,196,98.0,98,98,0.00011086463928222656,18040.017204301075,1767921.6860215054,0,0,2,0,0,0,0,0,0,0,0,2,2,0,0,0,0,0,0,65.33333333333333,0.0,0.0,0.0,0.0,0,0,0
normal_ping,2,196,98.0,98,98,9.298324584960938e-05,21509.251282051282,2107906.6256410256,0,0,2,0,0,0,0,0,0,0,0,2,2,0,0,0,0,0,0,65.33333333333333,0.0,0.0,0.0,0.0,0,0,0
normal_ping,2,196,98.0,98,98,9.608268737792969e-05,20815.40446650124,2039909.6377171215,0,0,2,0,0,0,0,0,0,0,0,2,2,0,0,0,0,0,0,65.33333333333333,0.0,0.0,0.0,0.0,0,0,0
normal_ping,2,196,98.0,98,98,0.00011610984802246094,17225.067761806982,1688056.6406570843,0,0,2,0,0,0,0,0,0,0,0,2,2,0,0,0,0,0,0,65.33333333333333,0.0,0.0,0.0,0.0,0,0,0
normal_ping,2,196,98.0,98,98,0.0001308917999267578,15279.795992714025,1497420.0072859745,0,0,2,0,0,0,0,0,0,0,0,2,2,0,0,0,0,0,0,65.33333333333333,0.0,0.0,0.0,0.0,0,0,0
normal_ping,2,196,98.0,98,98,0.00010514259338378906,19021.786848072563,1864135.111111111,0,0,2,0,0,0,0,0,0,0,0,2,2,0,0,0,0,0,0,65.33333333333333,0.0,0.0,0.0,0.0,0,0,0
normal_ping,2,196,98.0,98,98,0.00010395050048828125,19239.92660550459,1885512.8073394496,0,0,2,0,0,0,0,0,0,0,0,2,2,0,0,0,0,0,0,65.33333333333333,0.0,0.0,0.0,0.0,0,0,0
normal_ping,2,196,98.0,98,98,0.00011205673217773438,17848.102127659575,1749114.0085106383,0,0,2,0,0,0,0,0,0,0,0,2,2,0,0,0,0,0,0,65.33333333333333,0.0,0.0,0.0,0.0,0,0,0
normal_ping,2,196,98.0,98,98,0.00028395652770996094,7043.331654072208,690246.5020990764,0,0,2,0,0,0,0,0,0,0,0,2,2,0,0,0,0,0,0,65.33333333333333,0.0,0.0,0.0,0.0,0,0,0
normal_ping,2,196,98.0,98,98,0.0001609325408935547,12427.567407407407,1217901.605925926,0,0,2,0,0,0,0,0,0,0,0,2,2,0,0,0,0,0,0,65.33333333333333,0.0,0.0,0.0,0.0,0,0,0
normal_ping,2,196,98.0,98,98,0.0002319812774658203,8621.385405960946,844895.7697841726,0,0,2,0,0,0,0,0,0,0,0,2,2,0,0,0,0,0,0,65.33333333333333,0.0,0.0,0.0,0.0,0,0,0
normal_ping,2,196,98.0,98,98,0.0001380443572998047,14488.096718480137,1419833.4784110535,0,0,2,0,0,0,0,0,0,0,0,2,2,0,0,0,0,0,0,65.33333333333333,0.0,0.0,0.0,0.0,0,0,0
normal_ping,2,196,98.0,98,98,0.0001251697540283203,15978.300952380952,1565873.4933333334,0,0,2,0,0,0,0,0,0,0,0,2,2,0,0,0,0,0,0,65.33333333333333,0.0,0.0,0.0,0.0,0,0,0
normal_ping,2,196,98.0,98,98,9.489059448242188e-05,21076.904522613066,2065536.6432160805,0,0,2,0,0,0,0,0,0,0,0,2,2,0,0,0,0,0,0,65.33333333333333,0.0,0.0,0.0,0.0,0,0,0
normal_ping,2,196,98.0,98,98,0.00011491775512695312,17403.7510373444,1705567.601659751,0,0,2,0,0,0,0,0,0,0,0,2,2,0,0,0,0,0,0,65.33333333333333,0.0,0.0,0.0,0.0,0,0,0
normal_ping,2,196,98.0,98,98,9.417533874511719e-05,21236.982278481013,2081224.2632911392,0,0,2,0,0,0,0,0,0,0,0,2,2,0,0,0,0,0,0,65.33333333333333,0.0,0.0,0.0,0.0,0,0,0
normal_ping,2,196,98.0,98,98,9.799003601074219e-05,20410.238442822385,2000203.3673965936,0,0,2,0,0,0,0,0,0,0,0,2,2,0,0,0,0,0,0,65.33333333333333,0.0,0.0,0.0,0.0,0,0,0
normal_ping,2,196,98.0,98,98,0.0004401206970214844,4544.208017334778,445332.38569880824,0,0,2,0,0,0,0,0,0,0,0,2,2,0,0,0,0,0,0,65.33333333333333,0.0,0.0,0.0,0.0,0,0,0
normal_ping,2,196,98.0,98,98,9.489059448242188e-05,21076.904522613066,2065536.6432160805,0,0,2,0,0,0,0,0,0,0,0,2,2,0,0,0,0,0,0,65.33333333333333,0.0,0.0,0.0,0.0,0,0,0
normal_ping,2,196,98.0,98,98,0.0002770423889160156,7219.111876075732,707472.9638554216,0,0,2,0,0,0,0,0,0,0,0,2,2,0,0,0,0,0,0,65.33333333333333,0.0,0.0,0.0,0.0,0,0,0
normal_ping,2,196,98.0,98,98,0.0026590824127197266,752.1391553842016,73709.63722765175,0,0,2,0,0,0,0,0,0,0,0,2,2,0,0,0,0,0,0,65.33333333333333,0.0,0.0,0.0,0.0,0,0,0
normal_ping,2,196,98.0,98,98,0.0041310787200927734,484.13504934495296,47445.23483580539,0,0,2,0,0,0,0,0,0,0,0,2,2,0,0,0,0,0,0,65.33333333333333,0.0,0.0,0.0,0.0,0,0,0
normal_ping,2,196,98.0,98,98,0.008675098419189453,230.544934865058,22593.403616775682,0,0,2,0,0,0,0,0,0,0,0,2,2,0,0,0,0,0,0,65.33333333333333,0.0,0.0,0.0,0.0,0,0,0
normal_ping,2,196,98.0,98,98,0.00010013580322265625,19972.876190476192,1957341.8666666667,0,0,2,0,0,0,0,0,0,0,0,2,2,0,0,0,0,0,0,65.33333333333333,0.0,0.0,0.0,0.0,0,0,0
normal_ping,2,196,98.0,98,98,8.988380432128906e-05,22250.949602122015,2180593.0610079574,0,0,2,0,0,0,0,0,0,0,0,2,2,0,0,0,0,0,0,65.33333333333333,0.0,0.0,0.0,0.0,0,0,0
normal_ping,2,196,98.0,98,98,0.00010895729064941406,18355.816192560174,1798869.9868708972,0,0,2,0,0,0,0,0,0,0,0,2,2,0,0,0,0,0,0,65.33333333333333,0.0,0.0,0.0,0.0,0,0,0
normal_ping,2,196,98.0,98,98,0.00010204315185546875,19599.551401869157,1920756.0373831776,0,0,2,0,0,0,0,0,0,0,0,2,2,0,0,0,0,0,0,65.33333333333333,0.0,0.0,0.0,0.0,0,0,0
normal_ping,2,196,98.0,98,98,9.989738464355469e-05,20020.54415274463,1962013.3269689737,0,0,2,0,0,0,0,0,0,0,0,2,2,0,0,0,0,0,0,65.33333333333333,0.0,0.0,0.0,0.0,0,0,0
normal_ping,2,196,98.0,98,98,0.00023698806762695312,8439.243460764588,827045.8591549295,0,0,2,0,0,0,0,0,0,0,0,2,2,0,0,0,0,0,0,65.33333333333333,0.0,0.0,0.0,0.0,0,0,0
normal_ping,2,196,98.0,98,98,0.00020599365234375,9709.037037037036,951485.6296296297,0,0,2,0,0,0,0,0,0,0,0,2,2,0,0,0,0,0,0,65.33333333333333,0.0,0.0,0.0,0.0,0,0,0
normal_ping,2,196,98.0,98,98,0.00018405914306640625,10866.072538860104,1064875.1088082902,0,0,2,0,0,0,0,0,0,0,0,2,2,0,0,0,0,0,0,65.33333333333333,0.0,0.0,0.0,0.0,0,0,0
normal_ping,2,196,98.0,98,98,0.00011610984802246094,17225.067761806982,1688056.6406570843,0,0,2,0,0,0,0,0,0,0,0,2,2,0,0,0,0,0,0,65.33333333333333,0.0,0.0,0.0,0.0,0,0,0
normal_ping,2,196,98.0,98,98,0.00012803077697753906,15621.243947858473,1530881.9068901304,0,0,2,0,0,0,0,0,0,0,0,2,2,0,0,0,0,0,0,65.33333333333333,0.0,0.0,0.0,0.0,0,0,0
normal_ping,2,196,98.0,98,98,0.0001499652862548828,13336.41971383148,1306969.1319554849,0,0,2,0,0,0,0,0,0,0,0,2,2,0,0,0,0,0,0,65.33333333333333,0.0,0.0,0.0,0.0,0,0,0
normal_ping,2,196,98.0,98,98,0.00010895729064941406,18355.816192560174,1798869.9868708972,0,0,2,0,0,0,0,0,0,0,0,2,2,0,0,0,0,0,0,65.33333333333333,0.0,0.0,0.0,0.0,0,0,0
normal_ping,2,196,98.0,98,98,0.00011014938354492188,18157.160173160173,1779401.696969697,0,0,2,0,0,0,0,0,0,0,0,2,2,0,0,0,0,0,0,65.33333333333333,0.0,0.0,0.0,0.0,0,0,0
normal_ping,2,196,98.0,98,98,8.988380432128906e-05,22250.949602122015,2180593.0610079574,0,0,2,0,0,0,0,0,0,0,0,2,2,0,0,0,0,0,0,65.33333333333333,0.0,0.0,0.0,0.0,0,0,0
normal_ping,2,196,98.0,98,98,0.00011992454528808594,16677.153081510933,1634361.0019880715,0,0,2,0,0,0,0,0,0,0,0,2,2,0,0,0,0,0,0,65.33333333333333,0.0,0.0,0.0,0.0,0,0,0
normal_ping,2,196,98.0,98,98,0.0001270771026611328,15738.476547842401,1542370.7016885553,0,0,2,0,0,0,0,0,0,0,0,2,2,0,0,0,0,0,0,65.33333333333333,0.0,0.0,0.0,0.0,0,0,0
normal_ping,2,196,98.0,98,98,0.0001049041748046875,19065.01818181818,1868371.7818181817,0,0,2,0,0,0,0,0,0,0,0,2,2,0,0,0,0,0,0,65.33333333333333,0.0,0.0,0.0,0.0,0,0,0
normal_ping,2,196,98.0,98,98,0.00014090538024902344,14193.922165820642,1391004.372250423,0,0,2,0,0,0,0,0,0,0,0,2,2,0,0,0,0,0,0,65.33333333333333,0.0,0.0,0.0,0.0,0,0,0
normal_ping,2,196,98.0,98,98,0.00011801719665527344,16946.68282828283,1660774.9171717172,0,0,2,0,0,0,0,0,0,0,0,2,2,0,0,0,0,0,0,65.33333333333333,0.0,0.0,0.0,0.0,0,0,0
normal_ping,3,283,94.33333333333333,87,98,0.21616101264953613,13.8785434210744,1309.2092627213517,0,1,2,0,0,0,0,0,0,1,1,2,3,0,0,0,0,0,5353,70.75,0.0,0.0,0.6931471805599453,0.25,0,0,0
normal_ping,2,196,98.0,98,98,0.00024199485778808594,8264.63842364532,809934.5655172414,0,0,2,0,0,0,0,0,0,0,0,2,2,0,0,0,0,0,0,65.33333333333333,0.0,0.0,0.0,0.0,0,0,0
normal_ping,2,196,98.0,98,98,9.608268737792969e-05,20815.40446650124,2039909.6377171215,0,0,2,0,0,0,0,0,0,0,0,2,2,0,0,0,0,0,0,65.33333333333333,0.0,0.0,0.0,0.0,0,0,0
normal_ping,2,196,98.0,98,98,0.0001049041748046875,19065.01818181818,1868371.7818181817,0,0,2,0,0,0,0,0,0,0,0,2,2,0,0,0,0,0,0,65.33333333333333,0.0,0.0,0.0,0.0,0,0,0
normal_ping,2,196,98.0,98,98,0.00014400482177734375,13888.423841059603,1361065.536423841,0,0,2,0,0,0,0,0,0,0,0,2,2,0,0,0,0,0,0,65.33333333333333,0.0,0.0,0.0,0.0,0,0,0
normal_ping,2,196,98.0,98,98,0.0004470348358154297,4473.924266666667,438444.57813333336,0,0,2,0,0,0,0,0,0,0,0,2,2,0,0,0,0,0,0,65.33333333333333,0.0,0.0,0.0,0.0,0,0,0
normal_ping,2,196,98.0,98,98,0.00012302398681640625,16256.992248062015,1593185.2403100776,0,0,2,0,0,0,0,0,0,0,0,2,2,0,0,0,0,0,0,65.33333333333333,0.0,0.0,0.0,0.0,0,0,0
normal_ping,2,196,98.0,98,98,0.07531404495239258,26.555471841463802,2602.4362404634526,0,0,2,0,0,0,0,0,0,0,0,2,2,0,0,0,0,0,0,65.33333333333333,0.0,0.0,0.0,0.0,0,0,0
normal_ping,2,196,98.0,98,98,0.0001430511474609375,13981.013333333334,1370139.3066666666,0,0,2,0,0,0,0,0,0,0,0,2,2,0,0,0,0,0,0,65.33333333333333,0.0,0.0,0.0,0.0,0,0,0
normal_ping,2,196,98.0,98,98,0.00010800361633300781,18517.898454746137,1814754.0485651214,0,0,2,0,0,0,0,0,0,0,0,2,2,0,0,0,0,0,0,65.33333333333333,0.0,0.0,0.0,0.0,0,0,0
normal_ping,2,196,98.0,98,98,8.797645568847656e-05,22733.355013550135,2227868.7913279133,0,0,2,0,0,0,0,0,0,0,0,2,2,0,0,0,0,0,0,65.33333333333333,0.0,0.0,0.0,0.0,0,0,0
normal_ping,2,196,98.0,98,98,0.0001010894775390625,19784.45283018868,1938876.3773584906,0,0,2,0,0,0,0,0,0,0,0,2,2,0,0,0,0,0,0,65.33333333333333,0.0,0.0,0.0,0.0,0,0,0
normal_ping,2,196,98.0,98,98,0.00011801719665527344,16946.68282828283,1660774.9171717172,0,0,2,0,0,0,0,0,0,0,0,2,2,0,0,0,0,0,0,65.33333333333333,0.0,0.0,0.0,0.0,0,0,0
normal_ping,2,196,98.0,98,98,0.00421595573425293,474.3882825312447,46490.05168806198,0,0,2,0,0,0,0,0,0,0,0,2,2,0,0,0,0,0,0,65.33333333333333,0.0,0.0,0.0,0.0,0,0,0
normal_ping,2,196,98.0,98,98,0.00022912025451660156,8729.040582726328,855445.97710718,0,0,2,0,0,0,0,0,0,0,0,2,2,0,0,0,0,0,0,65.33333333333333,0.0,0.0,0.0,0.0,0,0,0
normal_ping,2,196,98.0,98,98,0.0001289844512939453,15505.744916820702,1519563.0018484287,0,0,2,0,0,0,0,0,0,0,0,2,2,0,0,0,0,0,0,65.33333333333333,0.0,0.0,0.0,0.0,0,0,0
normal_ping,2,196,98.0,98,98,0.00012612342834472656,15857.482041587902,1554033.2400756143,0,0,2,0,0,0,0,0,0,0,0,2,2,0,0,0,0,0,0,65.33333333333333,0.0,0.0,0.0,0.0,0,0,0
normal_ping,2,196,98.0,98,98,0.0002410411834716797,8297.337289812067,813139.0544015826,0,0,2,0,0,0,0,0,0,0,0,2,2,0,0,0,0,0,0,65.33333333333333,0.0,0.0,0.0,0.0,0,0,0
normal_ping,2,196,98.0,98,98,0.00028514862060546875,7013.886287625418,687360.856187291,0,0,2,0,0,0,0,0,0,0,0,2,2,0,0,0,0,0,0,65.33333333333333,0.0,0.0,0.0,0.0,0,0,0
normal_ping,2,196,98.0,98,98,8.487701416015625e-05,23563.505617977527,2309223.550561798,0,0,2,0,0,0,0,0,0,0,0,2,2,0,0,0,0,0,0,65.33333333333333,0.0,0.0,0.0,0.0,0,0,0
normal_ping,2,196,98.0,98,98,0.0008461475372314453,2363.6539870386023,231638.09072978303,0,0,2,0,0,0,0,0,0,0,0,2,2,0,0,0,0,0,0,65.33333333333333,0.0,0.0,0.0,0.0,0,0,0
normal_ping,2,196,98.0,98,98,0.000102996826171875,19418.074074074073,1902971.2592592593,0,0,2,0,0,0,0,0,0,0,0,2,2,0,0,0,0,0,0,65.33333333333333,0.0,0.0,0.0,0.0,0,0,0
normal_ping,2,196,98.0,98,98,8.988380432128906e-05,22250.949602122015,2180593.0610079574,0,0,2,0,0,0,0,0,0,0,0,2,2,0,0,0,0,0,0,65.33333333333333,0.0,0.0,0.0,0.0,0,0,0
normal_ping,2,196,98.0,98,98,0.00011396408081054688,17549.38912133891,1719840.1338912135,0,0,2,0,0,0,0,0,0,0,0,2,2,0,0,0,0,0,0,65.33333333333333,0.0,0.0,0.0,0.0,0,0,0
normal_ping,2,196,98.0,98,98,0.00012803077697753906,15621.243947858473,1530881.9068901304,0,0,2,0,0,0,0,0,0,0,0,2,2,0,0,0,0,0,0,65.33333333333333,0.0,0.0,0.0,0.0,0,0,0
normal_ping,2,196,98.0,98,98,0.006679058074951172,299.44342114656956,29345.45527236382,0,0,2,0,0,0,0,0,0,0,0,2,2,0,0,0,0,0,0,65.33333333333333,0.0,0.0,0.0,0.0,0,0,0
normal_ping,2,196,98.0,98,98,0.00011801719665527344,16946.68282828283,1660774.9171717172,0,0,2,0,0,0,0,0,0,0,0,2,2,0,0,0,0,0,0,65.33333333333333,0.0,0.0,0.0,0.0,0,0,0
normal_ping,2,196,98.0,98,98,0.00013184547424316406,15169.273056057866,1486588.759493671,0,0,2,0,0,0,0,0,0,0,0,2,2,0,0,0,0,0,0,65.33333333333333,0.0,0.0,0.0,0.0,0,0,0
normal_ping,2,196,98.0,98,98,0.00045490264892578125,4396.545073375262,430861.4171907757,0,0,2,0,0,0,0,0,0,0,0,2,2,0,0,0,0,0,0,65.33333333333333,0.0,0.0,0.0,0.0,0,0,0
normal_ping,2,196,98.0,98,98,0.00010895729064941406,18355.816192560174,1798869.9868708972,0,0,2,0,0,0,0,0,0,0,0,2,2,0,0,0,0,0,0,65.33333333333333,0.0,0.0,0.0,0.0,0,0,0
normal_ping,2,196,98.0,98,98,0.00011992454528808594,16677.153081510933,1634361.0019880715,0,0,2,0,0,0,0,0,0,0,0,2,2,0,0,0,0,0,0,65.33333333333333,0.0,0.0,0.0,0.0,0,0,0
normal_ping,2,196,98.0,98,98,0.0004019737243652344,4975.449584816133,487594.059311981,0,0,2,0,0,0,0,0,0,0,0,2,2,0,0,0,0,0,0,65.33333333333333,0.0,0.0,0.0,0.0,0,0,0
normal_ping,2,196,98.0,98,98,9.703636169433594e-05,20610.830466830466,2019861.3857493857,0,0,2,0,0,0,0,0,0,0,0,2,2,0,0,0,0,0,0,65.33333333333333,0.0,0.0,0.0,0.0,0,0,0
normal_ping,2,196,98.0,98,98,0.00015878677368164062,12595.507507507507,1234359.7357357356,0,0,2,0,0,0,0,0,0,0,0,2,2,0,0,0,0,0,0,65.33333333333333,0.0,0.0,0.0,0.0,0,0,0
normal_ping,2,196,98.0,98,98,0.0001239776611328125,16131.938461538462,1580929.9692307692,0,0,2,0,0,0,0,0,0,0,0,2,2,0,0,0,0,0,0,65.33333333333333,0.0,0.0,0.0,0.0,0,0,0
normal_ping,2,196,98.0,98,98,0.00041484832763671875,4821.03908045977,472461.82988505746,0,0,2,0,0,0,0,0,0,0,0,2,2,0,0,0,0,0,0,65.33333333333333,0.0,0.0,0.0,0.0,0,0,0
normal_ping,2,196,98.0,98,98,0.0001068115234375,18724.571428571428,1835008.0,0,0,2,0,0,0,0,0,0,0,0,2,2,0,0,0,0,0,0,65.33333333333333,0.0,0.0,0.0,0.0,0,0,0
normal_ping,2,196,98.0,98,98,9.799003601074219e-05,20410.238442822385,2000203.3673965936,0,0,2,0,0,0,0,0,0,0,0,2,2,0,0,0,0,0,0,65.33333333333333,0.0,0.0,0.0,0.0,0,0,0
normal_ping,2,196,98.0,98,98,0.0001499652862548828,13336.41971383148,1306969.1319554849,0,0,2,0,0,0,0,0,0,0,0,2,2,0,0,0,0,0,0,65.33333333333333,0.0,0.0,0.0,0.0,0,0,0
normal_ping,2,196,98.0,98,98,0.00011801719665527344,16946.68282828283,1660774.9171717172,0,0,2,0,0,0,0,0,0,0,0,2,2,0,0,0,0,0,0,65.33333333333333,0.0,0.0,0.0,0.0,0,0,0
normal_ping,2,196,98.0,98,98,9.918212890625e-05,20164.923076923078,1976162.4615384615,0,0,2,0,0,0,0,0,0,0,0,2,2,0,0,0,0,0,0,65.33333333333333,0.0,0.0,0.0,0.0,0,0,0
normal_ping,2,196,98.0,98,98,8.106231689453125e-05,24672.376470588235,2417892.894117647,0,0,2,0,0,0,0,0,0,0,0,2,2,0,0,0,0,0,0,65.33333333333333,0.0,0.0,0.0,0.0,0,0,0
normal_ping,2,196,98.0,98,98,0.00022983551025390625,8701.8755186722,852783.8008298755,0,0,2,0,0,0,0,0,0,0,0,2,2,0,0,0,0,0,0,65.33333333333333,0.0,0.0,0.0,0.0,0,0,0
normal_ping,2,196,98.0,98,98,0.00011777877807617188,16980.987854251012,1664136.8097165993,0,0,2,0,0,0,0,0,0,0,0,2,2,0,0,0,0,0,0,65.33333333333333,0.0,0.0,0.0,0.0,0,0,0
normal_ping,2,196,98.0,98,98,0.0001361370086669922,14691.0823117338,1439726.0665499123,0,0,2,0,0,0,0,0,0,0,0,2,2,0,0,0,0,0,0,65.33333333333333,0.0,0.0,0.0,0.0,0,0,0
normal_ping,2,196,98.0,98,98,0.00011301040649414062,17697.48523206751,1734353.552742616,0,0,2,0,0,0,0,0,0,0,0,2,2,0,0,0,0,0,0,65.33333333333333,0.0,0.0,0.0,0.0,0,0,0
normal_ping,2,196,98.0,98,98,0.00011420249938964844,17512.751565762002,1716249.6534446764,0,0,2,0,0,0,0,0,0,0,0,2,2,0,0,0,0,0,0,65.33333333333333,0.0,0.0,0.0,0.0,0,0,0
normal_ping,2,196,98.0,98,98,0.00010085105895996094,19831.224586288416,1943460.0094562648,0,0,2,0,0,0,0,0,0,0,0,2,2,0,0,0,0,0,0,65.33333333333333,0.0,0.0,0.0,0.0,0,0,0
normal_ping,2,196,98.0,98,98,9.918212890625e-05,20164.923076923078,1976162.4615384615,0,0,2,0,0,0,0,0,0,0,0,2,2,0,0,0,0,0,0,65.33333333333333,0.0,0.0,0.0,0.0,0,0,0
normal_ping,2,196,98.0,98,98,0.00010800361633300781,18517.898454746137,1814754.0485651214,0,0,2,0,0,0,0,0,0,0,0,2,2,0,0,0,0,0,0,65.33333333333333,0.0,0.0,0.0,0.0,0,0,0
normal_ping,2,196,98.0,98,98,0.00010800361633300781,18517.898454746137,1814754.0485651214,0,0,2,0,0,0,0,0,0,0,0,2,2,0,0,0,0,0,0,65.33333333333333,0.0,0.0,0.0,0.0,0,0,0
normal_ping,2,196,98.0,98,98,0.00010609626770019531,18850.804494382024,1847378.8404494382,0,0,2,0,0,0,0,0,0,0,0,2,2,0,0,0,0,0,0,65.33333333333333,0.0,0.0,0.0,0.0,0,0,0
normal_ping,2,196,98.0,98,98,0.00021886825561523438,9137.917211328977,895515.8867102397,0,0,2,0,0,0,0,0,0,0,0,2,2,0,0,0,0,0,0,65.33333333333333,0.0,0.0,0.0,0.0,0,0,0
normal_ping,2,196,98.0,98,98,0.0003941059112548828,5074.777979431337,497328.24198427104,0,0,2,0,0,0,0,0,0,0,0,2,2,0,0,0,0,0,0,65.33333333333333,0.0,0.0,0.0,0.0,0,0,0
normal_ping,2,196,98.0,98,98,0.00010991096496582031,18196.546637744035,1783261.5704989154,0,0,2,0,0,0,0,0,0,0,0,2,2,0,0,0,0,0,0,65.33333333333333,0.0,0.0,0.0,0.0,0,0,0
normal_ping,2,196,98.0,98,98,0.00014281272888183594,14004.353923205343,1372426.6844741236,0,0,2,0,0,0,0,0,0,0,0,2,2,0,0,0,0,0,0,65.33333333333333,0.0,0.0,0.0,0.0,0,0,0
normal_ping,2,196,98.0,98,98,0.00011396408081054688,17549.38912133891,1719840.1338912135,0,0,2,0,0,0,0,0,0,0,0,2,2,0,0,0,0,0,0,65.33333333333333,0.0,0.0,0.0,0.0,0,0,0
normal_ping,2,196,98.0,98,98,0.00012993812561035156,15391.94128440367,1508410.2458715597,0,0,2,0,0,0,0,0,0,0,0,2,2,0,0,0,0,0,0,65.33333333333333,0.0,0.0,0.0,0.0,0,0,0
normal_ping,2,196,98.0,98,98,0.00010514259338378906,19021.786848072563,1864135.111111111,0,0,2,0,0,0,0,0,0,0,0,2,2,0,0,0,0,0,0,65.33333333333333,0.0,0.0,0.0,0.0,0,0,0
normal_ping,2,196,98.0,98,98,0.0001590251922607422,12576.623688155922,1232509.1214392805,0,0,2,0,0,0,0,0,0,0,0,2,2,0,0,0,0,0,0,65.33333333333333,0.0,0.0,0.0,0.0,0,0,0
normal_ping,2,196,98.0,98,98,0.00010704994201660156,18682.86859688196,1830921.1224944321,0,0,2,0,0,0,0,0,0,0,0,2,2,0,0,0,0,0,0,65.33333333333333,0.0,0.0,0.0,0.0,0,0,0
normal_ping,2,196,98.0,98,98,0.00011110305786132812,18001.304721030043,1764127.8626609442,0,0,2,0,0,0,0,0,0,0,0,2,2,0,0,0,0,0,0,65.33333333333333,0.0,0.0,0.0,0.0,0,0,0
normal_ping,2,196,98.0,98,98,9.298324584960938e-05,21509.251282051282,2107906.6256410256,0,0,2,0,0,0,0,0,0,0,0,2,2,0,0,0,0,0,0,65.33333333333333,0.0,0.0,0.0,0.0,0,0,0
normal_ping,2,196,98.0,98,98,0.00012493133544921875,16008.79389312977,1568861.8015267176,0,0,2,0,0,0,0,0,0,0,0,2,2,0,0,0,0,0,0,65.33333333333333,0.0,0.0,0.0,0.0,0,0,0
normal_ping,2,196,98.0,98,98,0.00010704994201660156,18682.86859688196,1830921.1224944321,0,0,2,0,0,0,0,0,0,0,0,2,2,0,0,0,0,0,0,65.33333333333333,0.0,0.0,0.0,0.0,0,0,0
normal_ping,2,196,98.0,98,98,9.202957153320312e-05,21732.145077720208,2129750.2176165804,0,0,2,0,0,0,0,0,0,0,0,2,2,0,0,0,0,0,0,65.33333333333333,0.0,0.0,0.0,0.0,0,0,0
normal_ping,2,196,98.0,98,98,0.00010418891906738281,19195.899313501144,1881198.1327231121,0,0,2,0,0,0,0,0,0,0,0,2,2,0,0,0,0,0,0,65.33333333333333,0.0,0.0,0.0,0.0,0,0,0
normal_ping,2,196,98.0,98,98,0.00010395050048828125,19239.92660550459,1885512.8073394496,0,0,2,0,0,0,0,0,0,0,0,2,2,0,0,0,0,0,0,65.33333333333333,0.0,0.0,0.0,0.0,0,0,0
normal_ping,2,196,98.0,98,98,0.00010991096496582031,18196.546637744035,1783261.5704989154,0,0,2,0,0,0,0,0,0,0,0,2,2,0,0,0,0,0,0,65.33333333333333,0.0,0.0,0.0,0.0,0,0,0
normal_ping,2,196,98.0,98,98,0.00010704994201660156,18682.86859688196,1830921.1224944321,0,0,2,0,0,0,0,0,0,0,0,2,2,0,0,0,0,0,0,65.33333333333333,0.0,0.0,0.0,0.0,0,0,0
normal_ping,2,196,98.0,98,98,8.606910705566406e-05,23237.141274238227,2277239.8448753464,0,0,2,0,0,0,0,0,0,0,0,2,2,0,0,0,0,0,0,65.33333333333333,0.0,0.0,0.0,0.0,0,0,0
normal_ping,2,196,98.0,98,98,0.00010085105895996094,19831.224586288416,1943460.0094562648,0,0,2,0,0,0,0,0,0,0,0,2,2,0,0,0,0,0,0,65.33333333333333,0.0,0.0,0.0,0.0,0,0,0
normal_ping,2,196,98.0,98,98,0.00012111663818359375,16513.007874015748,1618274.7716535432,0,0,2,0,0,0,0,0,0,0,0,2,2,0,0,0,0,0,0,65.33333333333333,0.0,0.0,0.0,0.0,0,0,0
normal_ping,2,196,98.0,98,98,0.00011515617370605469,17367.718426501036,1702036.4057971016,0,0,2,0,0,0,0,0,0,0,0,2,2,0,0,0,0,0,0,65.33333333333333,0.0,0.0,0.0,0.0,0,0,0
normal_ping,2,196,98.0,98,98,0.00014710426330566406,13595.799027552674,1332388.304700162,0,0,2,0,0,0,0,0,0,0,0,2,2,0,0,0,0,0,0,65.33333333333333,0.0,0.0,0.0,0.0,0,0,0
normal_ping,2,196,98.0,98,98,0.00012993812561035156,15391.94128440367,1508410.2458715597,0,0,2,0,0,0,0,0,0,0,0,2,2,0,0,0,0,0,0,65.33333333333333,0.0,0.0,0.0,0.0,0,0,0
normal_ping,2,196,98.0,98,98,9.393692016601562e-05,21290.883248730963,2086506.5583756345,0,0,2,0,0,0,0,0,0,0,0,2,2,0,0,0,0,0,0,65.33333333333333,0.0,0.0,0.0,0.0,0,0,0
normal_ping,2,196,98.0,98,98,0.00011181831359863281,17886.15778251599,1752843.462686567,0,0,2,0,0,0,0,0,0,0,0,2,2,0,0,0,0,0,0,65.33333333333333,0.0,0.0,0.0,0.0,0,0,0
normal_ping,2,196,98.0,98,98,9.799003601074219e-05,20410.238442822385,2000203.3673965936,0,0,2,0,0,0,0,0,0,0,0,2,2,0,0,0,0,0,0,65.33333333333333,0.0,0.0,0.0,0.0,0,0,0
normal_ping,2,196,98.0,98,98,0.00014495849609375,13797.052631578947,1352111.1578947369,0,0,2,0,0,0,0,0,0,0,0,2,2,0,0,0,0,0,0,65.33333333333333,0.0,0.0,0.0,0.0,0,0,0
normal_ping,2,196,98.0,98,98,0.0006589889526367188,3034.9522431259043,297425.3198263386,0,0,2,0,0,0,0,0,0,0,0,2,2,0,0,0,0,0,0,65.33333333333333,0.0,0.0,0.0,0.0,0,0,0
normal_ping,2,196,98.0,98,98,0.0019578933715820312,1021.506088650755,100107.59668777398,0,0,2,0,0,0,0,0,0,0,0,2,2,0,0,0,0,0,0,65.33333333333333,0.0,0.0,0.0,0.0,0,0,0
normal_ping,2,196,98.0,98,98,0.00010704994201660156,18682.86859688196,1830921.1224944321,0,0,2,0,0,0,0,0,0,0,0,2,2,0,0,0,0,0,0,65.33333333333333,0.0,0.0,0.0,0.0,0,0,0
normal_ping,2,196,98.0,98,98,0.00010704994201660156,18682.86859688196,1830921.1224944321,0,0,2,0,0,0,0,0,0,0,0,2,2,0,0,0,0,0,0,65.33333333333333,0.0,0.0,0.0,0.0,0,0,0
normal_ping,2,196,98.0,98,98,0.00013780593872070312,14513.162629757786,1422289.9377162629,0,0,2,0,0,0,0,0,0,0,0,2,2,0,0,0,0,0,0,65.33333333333333,0.0,0.0,0.0,0.0,0,0,0
normal_ping,2,196,98.0,98,98,0.0002911090850830078,6870.276822276823,673287.1285831286,0,0,2,0,0,0,0,0,0,0,0,2,2,0,0,0,0,0,0,65.33333333333333,0.0,0.0,0.0,0.0,0,0,0
normal_ping,2,196,98.0,98,98,0.00011301040649414062,17697.48523206751,1734353.552742616,0,0,2,0,0,0,0,0,0,0,0,2,2,0,0,0,0,0,0,65.33333333333333,0.0,0.0,0.0,0.0,0,0,0
normal_ping,2,196,98.0,98,98,0.00011610984802246094,17225.067761806982,1688056.6406570843,0,0,2,0,0,0,0,0,0,0,0,2,2,0,0,0,0,0,0,65.33333333333333,0.0,0.0,0.0,0.0,0,0,0
normal_ping,2,196,98.0,98,98,0.003734111785888672,535.6026050312859,52489.05529306602,0,0,2,0,0,0,0,0,0,0,0,2,2,0,0,0,0,0,0,65.33333333333333,0.0,0.0,0.0,0.0,0,0,0
normal_ping,2,196,98.0,98,98,9.393692016601562e-05,21290.883248730963,2086506.5583756345,0,0,2,0,0,0,0,0,0,0,0,2,2,0,0,0,0,0,0,65.33333333333333,0.0,0.0,0.0,0.0,0,0,0
normal_ping,2,196,98.0,98,98,0.0002779960632324219,7194.346483704974,705045.9554030874,0,0,2,0,0,0,0,0,0,0,0,2,2,0,0,0,0,0,0,65.33333333333333,0.0,0.0,0.0,0.0,0,0,0
normal_ping,2,196,98.0,98,98,0.00010800361633300781,18517.898454746137,1814754.0485651214,0,0,2,0,0,0,0,0,0,0,0,2,2,0,0,0,0,0,0,65.33333333333333,0.0,0.0,0.0,0.0,0,0,0
normal_ping,2,196,98.0,98,98,0.0001499652862548828,13336.41971383148,1306969.1319554849,0,0,2,0,0,0,0,0,0,0,0,2,2,0,0,0,0,0,0,65.33333333333333,0.0,0.0,0.0,0.0,0,0,0
normal_ping,2,196,98.0,98,98,0.00012087821960449219,16545.577909270218,1621466.6351084812,0,0,2,0,0,0,0,0,0,0,0,2,2,0,0,0,0,0,0,65.33333333333333,0.0,0.0,0.0,0.0,0,0,0
normal_ping,2,196,98.0,98,98,0.00011301040649414062,17697.48523206751,1734353.552742616,0,0,2,0,0,0,0,0,0,0,0,2,2,0,0,0,0,0,0,65.33333333333333,0.0,0.0,0.0,0.0,0,0,0
normal_ping,2,196,98.0,98,98,8.082389831542969e-05,24745.15634218289,2425025.3215339235,0,0,2,0,0,0,0,0,0,0,0,2,2,0,0,0,0,0,0,65.33333333333333,0.0,0.0,0.0,0.0,0,0,0
normal_ping,2,196,98.0,98,98,0.00010991096496582031,18196.546637744035,1783261.5704989154,0,0,2,0,0,0,0,0,0,0,0,2,2,0,0,0,0,0,0,65.33333333333333,0.0,0.0,0.0,0.0,0,0,0
normal_ping,2,196,98.0,98,98,0.0002219676971435547,9010.320085929108,883011.3684210526,0,0,2,0,0,0,0,0,0,0,0,2,2,0,0,0,0,0,0,65.33333333333333,0.0,0.0,0.0,0.0,0,0,0
normal_ping,2,196,98.0,98,98,0.00011301040649414062,17697.48523206751,1734353.552742616,0,0,2,0,0,0,0,0,0,0,0,2,2,0,0,0,0,0,0,65.33333333333333,0.0,0.0,0.0,0.0,0,0,0
normal_ping,2,196,98.0,98,98,8.487701416015625e-05,23563.505617977527,2309223.550561798,0,0,2,0,0,0,0,0,0,0,0,2,2,0,0,0,0,0,0,65.33333333333333,0.0,0.0,0.0,0.0,0,0,0
normal_ping,2,196,98.0,98,98,0.00014901161193847656,13421.7728,1315333.7344,0,0,2,0,0,0,0,0,0,0,0,2,2,0,0,0,0,0,0,65.33333333333333,0.0,0.0,0.0,0.0,0,0,0
normal_ping,2,196,98.0,98,98,0.00010800361633300781,18517.898454746137,1814754.0485651214,0,0,2,0,0,0,0,0,0,0,0,2,2,0,0,0,0,0,0,65.33333333333333,0.0,0.0,0.0,0.0,0,0,0
normal_ping,2,196,98.0,98,98,0.0001289844512939453,15505.744916820702,1519563.0018484287,0,0,2,0,0,0,0,0,0,0,0,2,2,0,0,0,0,0,0,65.33333333333333,0.0,0.0,0.0,0.0,0,0,0
normal_ping,2,196,98.0,98,98,0.00012111663818359375,16513.007874015748,1618274.7716535432,0,0,2,0,0,0,0,0,0,0,0,2,2,0,0,0,0,0,0,65.33333333333333,0.0,0.0,0.0,0.0,0,0,0
normal_ping,2,196,98.0,98,98,0.00011897087097167969,16810.8376753507,1647462.0921843688,0,0,2,0,0,0,0,0,0,0,0,2,2,0,0,0,0,0,0,65.33333333333333,0.0,0.0,0.0,0.0,0,0,0
normal_ping,2,196,98.0,98,98,0.0001049041748046875,19065.01818181818,1868371.7818181817,0,0,2,0,0,0,0,0,0,0,0,2,2,0,0,0,0,0,0,65.33333333333333,0.0,0.0,0.0,0.0,0,0,0
normal_ping,2,196,98.0,98,98,0.002312898635864258,864.7158024945882,84742.14864446965,0,0,2,0,0,0,0,0,0,0,0,2,2,0,0,0,0,0,0,65.33333333333333,0.0,0.0,0.0,0.0,0,0,0
normal_ping,2,196,98.0,98,98,0.00012493133544921875,16008.79389312977,1568861.8015267176,0,0,2,0,0,0,0,0,0,0,0,2,2,0,0,0,0,0,0,65.33333333333333,0.0,0.0,0.0,0.0,0,0,0
normal_ping,2,196,98.0,98,98,0.0001010894775390625,19784.45283018868,1938876.3773584906,0,0,2,0,0,0,0,0,0,0,0,2,2,0,0,0,0,0,0,65.33333333333333,0.0,0.0,0.0,0.0,0,0,0
normal_ping,2,196,98.0,98,98,0.00012993812561035156,15391.94128440367,1508410.2458715597,0,0,2,0,0,0,0,0,0,0,0,2,2,0,0,0,0,0,0,65.33333333333333,0.0,0.0,0.0,0.0,0,0,0
normal_ping,2,196,98.0,98,98,0.003709077835083008,539.2175869383557,52843.32351995886,0,0,2,0,0,0,0,0,0,0,0,2,2,0,0,0,0,0,0,65.33333333333333,0.0,0.0,0.0,0.0,0,0,0
normal_ping,2,196,98.0,98,98,0.00013184547424316406,15169.273056057866,1486588.759493671,0,0,2,0,0,0,0,0,0,0,0,2,2,0,0,0,0,0,0,65.33333333333333,0.0,0.0,0.0,0.0,0,0,0
normal_ping,2,196,98.0,98,98,0.00011992454528808594,16677.153081510933,1634361.0019880715,0,0,2,0,0,0,0,0,0,0,0,2,2,0,0,0,0,0,0,65.33333333333333,0.0,0.0,0.0,0.0,0,0,0
normal_ping,2,196,98.0,98,98,0.00021600723266601562,9258.949227373068,907377.0242825607,0,0,2,0,0,0,0,0,0,0,0,2,2,0,0,0,0,0,0,65.33333333333333,0.0,0.0,0.0,0.0,0,0,0
normal_ping,2,196,98.0,98,98,0.0002579689025878906,7752.872458410351,759781.5009242144,0,0,2,0,0,0,0,0,0,0,0,2,2,0,0,0,0,0,0,65.33333333333333,0.0,0.0,0.0,0.0,0,0,0
normal_ping,2,196,98.0,98,98,0.000125885009765625,15887.515151515152,1556976.4848484849,0,0,2,0,0,0,0,0,0,0,0,2,2,0,0,0,0,0,0,65.33333333333333,0.0,0.0,0.0,0.0,0,0,0
normal_ping,2,196,98.0,98,98,0.00011396408081054688,17549.38912133891,1719840.1338912135,0,0,2,0,0,0,0,0,0,0,0,2,2,0,0,0,0,0,0,65.33333333333333,0.0,0.0,0.0,0.0,0,0,0
normal_ping,2,196,98.0,98,98,0.00013494491577148438,14820.86219081272,1452444.4946996467,0,0,2,0,0,0,0,0,0,0,0,2,2,0,0,0,0,0,0,65.33333333333333,0.0,0.0,0.0,0.0,0,0,0
normal_ping,2,196,98.0,98,98,0.00012111663818359375,16513.007874015748,1618274.7716535432,0,0,2,0,0,0,0,0,0,0,0,2,2,0,0,0,0,0,0,65.33333333333333,0.0,0.0,0.0,0.0,0,0,0
normal_ping,2,196,98.0,98,98,0.0022220611572265625,900.0652360515021,88206.39313304721,0,0,2,0,0,0,0,0,0,0,0,2,2,0,0,0,0,0,0,65.33333333333333,0.0,0.0,0.0,0.0,0,0,0
normal_ping,2,196,98.0,98,98,0.00017714500427246094,11290.185733512786,1106438.201884253,0,0,2,0,0,0,0,0,0,0,0,2,2,0,0,0,0,0,0,65.33333333333333,0.0,0.0,0.0,0.0,0,0,0
normal_ping,2,196,98.0,98,98,9.417533874511719e-05,21236.982278481013,2081224.2632911392,0,0,2,0,0,0,0,0,0,0,0,2,2,0,0,0,0,0,0,65.33333333333333,0.0,0.0,0.0,0.0,0,0,0
normal_ping,2,196,98.0,98,98,8.893013000488281e-05,22489.565683646113,2203977.436997319,0,0,2,0,0,0,0,0,0,0,0,2,2,0,0,0,0,0,0,65.33333333333333,0.0,0.0,0.0,0.0,0,0,0
normal_ping,2,196,98.0,98,98,0.00012493133544921875,16008.79389312977,1568861.8015267176,0,0,2,0,0,0,0,0,0,0,0,2,2,0,0,0,0,0,0,65.33333333333333,0.0,0.0,0.0,0.0,0,0,0
normal_ping,2,196,98.0,98,98,0.0001010894775390625,19784.45283018868,1938876.3773584906,0,0,2,0,0,0,0,0,0,0,0,2,2,0,0,0,0,0,0,65.33333333333333,0.0,0.0,0.0,0.0,0,0,0
normal_ping,2,196,98.0,98,98,0.00013303756713867188,15033.347670250896,1473268.0716845877,0,0,2,0,0,0,0,0,0,0,0,2,2,0,0,0,0,0,0,65.33333333333333,0.0,0.0,0.0,0.0,0,0,0
normal_ping,2,196,98.0,98,98,8.320808410644531e-05,24036.126074498567,2355540.3553008595,0,0,2,0,0,0,0,0,0,0,0,2,2,0,0,0,0,0,0,65.33333333333333,0.0,0.0,0.0,0.0,0,0,0
normal_ping,2,196,98.0,98,98,0.00020599365234375,9709.037037037036,951485.6296296297,0,0,2,0,0,0,0,0,0,0,0,2,2,0,0,0,0,0,0,65.33333333333333,0.0,0.0,0.0,0.0,0,0,0
normal_ping,2,196,98.0,98,98,0.00015497207641601562,12905.55076923077,1264743.9753846154,0,0,2,0,0,0,0,0,0,0,0,2,2,0,0,0,0,0,0,65.33333333333333,0.0,0.0,0.0,0.0,0,0,0
normal_ping,2,196,98.0,98,98,0.00016307830810546875,12264.04678362573,1201876.5847953216,0,0,2,0,0,0,0,0,0,0,0,2,2,0,0,0,0,0,0,65.33333333333333,0.0,0.0,0.0,0.0,0,0,0
normal_ping,2,196,98.0,98,98,9.894371032714844e-05,20213.51325301205,1980924.2987951806,0,0,2,0,0,0,0,0,0,0,0,2,2,0,0,0,0,0,0,65.33333333333333,0.0,0.0,0.0,0.0,0,0,0
normal_ping,2,196,98.0,98,98,0.00014400482177734375,13888.423841059603,1361065.536423841,0,0,2,0,0,0,0,0,0,0,0,2,2,0,0,0,0,0,0,65.33333333333333,0.0,0.0,0.0,0.0,0,0,0
normal_ping,2,196,98.0,98,98,0.00012803077697753906,15621.243947858473,1530881.9068901304,0,0,2,0,0,0,0,0,0,0,0,2,2,0,0,0,0,0,0,65.33333333333333,0.0,0.0,0.0,0.0,0,0,0
normal_ping,2,196,98.0,98,98,0.00011897087097167969,16810.8376753507,1647462.0921843688,0,0,2,0,0,0,0,0,0,0,0,2,2,0,0,0,0,0,0,65.33333333333333,0.0,0.0,0.0,0.0,0,0,0
normal_ping,2,196,98.0,98,98,0.0010960102081298828,1824.8005220796172,178830.45116380247,0,0,2,0,0,0,0,0,0,0,0,2,2,0,0,0,0,0,0,65.33333333333333,0.0,0.0,0.0,0.0,0,0,0
normal_ping,2,196,98.0,98,98,0.004394054412841797,455.16049918610963,44605.72892023874,0,0,2,0,0,0,0,0,0,0,0,2,2,0,0,0,0,0,0,65.33333333333333,0.0,0.0,0.0,0.0,0,0,0
normal_ping,4,392,98.0,98,98,0.9977619647979736,4.008972220954442,392.8792776535353,0,0,4,0,0,0,0,0,0,0,0,2,2,0,0,0,0,0,0,78.4,0.0,0.0,0.0,0.0,0,0,0
normal_ping,2,196,98.0,98,98,0.0005030632019042969,3975.6436018957347,389613.072985782,0,0,2,0,0,0,0,0,0,0,0,2,2,0,0,0,0,0,0,65.33333333333333,0.0,0.0,0.0,0.0,0,0,0
normal_ping,2,196,98.0,98,98,8.893013000488281e-05,22489.565683646113,2203977.436997319,0,0,2,0,0,0,0,0,0,0,0,2,2,0,0,0,0,0,0,65.33333333333333,0.0,0.0,0.0,0.0,0,0,0
normal_ping,2,196,98.0,98,98,0.00011205673217773438,17848.102127659575,1749114.0085106383,0,0,2,0,0,0,0,0,0,0,0,2,2,0,0,0,0,0,0,65.33333333333333,0.0,0.0,0.0,0.0,0,0,0
normal_ping,2,196,98.0,98,98,0.0006248950958251953,3200.5371995421597,313652.6455551316,0,0,2,0,0,0,0,0,0,0,0,2,2,0,0,0,0,0,0,65.33333333333333,0.0,0.0,0.0,0.0,0,0,0
normal_ping,2,196,98.0,98,98,0.00012993812561035156,15391.94128440367,1508410.2458715597,0,0,2,0,0,0,0,0,0,0,0,2,2,0,0,0,0,0,0,65.33333333333333,0.0,0.0,0.0,0.0,0,0,0
normal_ping,2,196,98.0,98,98,0.00012302398681640625,16256.992248062015,1593185.2403100776,0,0,2,0,0,0,0,0,0,0,0,2,2,0,0,0,0,0,0,65.33333333333333,0.0,0.0,0.0,0.0,0,0,0
normal_ping,2,196,98.0,98,98,0.00014209747314453125,14074.845637583892,1379334.8724832216,0,0,2,0,0,0,0,0,0,0,0,2,2,0,0,0,0,0,0,65.33333333333333,0.0,0.0,0.0,0.0,0,0,0
normal_ping,2,196,98.0,98,98,9.512901306152344e-05,21024.080200501252,2060359.8596491227,0,0,2,0,0,0,0,0,0,0,0,2,2,0,0,0,0,0,0,65.33333333333333,0.0,0.0,0.0,0.0,0,0,0
normal_ping,3,283,94.33333333333333,87,98,0.6018238067626953,4.984847668518583,470.237296730253,0,1,2,0,0,0,0,0,0,1,1,2,3,0,0,0,0,0,5353,70.75,0.0,0.0,0.6931471805599453,0.25,0,0,0
normal_ping,2,196,98.0,98,98,0.00025010108947753906,7996.766444232602,783683.111534795,0,0,2,0,0,0,0,0,0,0,0,2,2,0,0,0,0,0,0,65.33333333333333,0.0,0.0,0.0,0.0,0,0,0
normal_ping,2,196,98.0,98,98,9.894371032714844e-05,20213.51325301205,1980924.2987951806,0,0,2,0,0,0,0,0,0,0,0,2,2,0,0,0,0,0,0,65.33333333333333,0.0,0.0,0.0,0.0,0,0,0
normal_ping,2,196,98.0,98,98,0.00010395050048828125,19239.92660550459,1885512.8073394496,0,0,2,0,0,0,0,0,0,0,0,2,2,0,0,0,0,0,0,65.33333333333333,0.0,0.0,0.0,0.0,0,0,0
normal_ping,2,196,98.0,98,98,0.0019178390502929688,1042.840377921432,102198.35703630035,0,0,2,0,0,0,0,0,0,0,0,2,2,0,0,0,0,0,0,65.33333333333333,0.0,0.0,0.0,0.0,0,0,0
normal_ping,2,196,98.0,98,98,0.00011205673217773438,17848.102127659575,1749114.0085106383,0,0,2,0,0,0,0,0,0,0,0,2,2,0,0,0,0,0,0,65.33333333333333,0.0,0.0,0.0,0.0,0,0,0
normal_ping,2,196,98.0,98,98,0.00010895729064941406,18355.816192560174,1798869.9868708972,0,0,2,0,0,0,0,0,0,0,0,2,2,0,0,0,0,0,0,65.33333333333333,0.0,0.0,0.0,0.0,0,0,0
normal_ping,2,196,98.0,98,98,0.00012421607971191406,16100.975047984644,1577895.5547024952,0,0,2,0,0,0,0,0,0,0,0,2,2,0,0,0,0,0,0,65.33333333333333,0.0,0.0,0.0,0.0,0,0,0
normal_ping,2,196,98.0,98,98,0.00011610984802246094,17225.067761806982,1688056.6406570843,0,0,2,0,0,0,0,0,0,0,0,2,2,0,0,0,0,0,0,65.33333333333333,0.0,0.0,0.0,0.0,0,0,0
normal_ping,2,196,98.0,98,98,0.000125885009765625,15887.515151515152,1556976.4848484849,0,0,2,0,0,0,0,0,0,0,0,2,2,0,0,0,0,0,0,65.33333333333333,0.0,0.0,0.0,0.0,0,0,0
normal_ping,2,196,98.0,98,98,0.00010514259338378906,19021.786848072563,1864135.111111111,0,0,2,0,0,0,0,0,0,0,0,2,2,0,0,0,0,0,0,65.33333333333333,0.0,0.0,0.0,0.0,0,0,0
normal_ping,2,196,98.0,98,98,0.00011205673217773438,17848.102127659575,1749114.0085106383,0,0,2,0,0,0,0,0,0,0,0,2,2,0,0,0,0,0,0,65.33333333333333,0.0,0.0,0.0,0.0,0,0,0
normal_ping,2,196,98.0,98,98,0.0001289844512939453,15505.744916820702,1519563.0018484287,0,0,2,0,0,0,0,0,0,0,0,2,2,0,0,0,0,0,0,65.33333333333333,0.0,0.0,0.0,0.0,0,0,0
normal_ping,2,196,98.0,98,98,9.608268737792969e-05,20815.40446650124,2039909.6377171215,0,0,2,0,0,0,0,0,0,0,0,2,2,0,0,0,0,0,0,65.33333333333333,0.0,0.0,0.0,0.0,0,0,0
normal_ping,2,196,98.0,98,98,0.000102996826171875,19418.074074074073,1902971.2592592593,0,0,2,0,0,0,0,0,0,0,0,2,2,0,0,0,0,0,0,65.33333333333333,0.0,0.0,0.0,0.0,0,0,0
normal_ping,2,196,98.0,98,98,0.00013303756713867188,15033.347670250896,1473268.0716845877,0,0,2,0,0,0,0,0,0,0,0,2,2,0,0,0,0,0,0,65.33333333333333,0.0,0.0,0.0,0.0,0,0,0
normal_ping,2,196,98.0,98,98,9.298324584960938e-05,21509.251282051282,2107906.6256410256,0,0,2,0,0,0,0,0,0,0,0,2,2,0,0,0,0,0,0,65.33333333333333,0.0,0.0,0.0,0.0,0,0,0
normal_ping,2,196,98.0,98,98,0.00012087821960449219,16545.577909270218,1621466.6351084812,0,0,2,0,0,0,0,0,0,0,0,2,2,0,0,0,0,0,0,65.33333333333333,0.0,0.0,0.0,0.0,0,0,0
normal_ping,2,196,98.0,98,98,0.0003590583801269531,5570.124833997344,545872.2337317397,0,0,2,0,0,0,0,0,0,0,0,2,2,0,0,0,0,0,0,65.33333333333333,0.0,0.0,0.0,0.0,0,0,0
normal_ping,2,196,98.0,98,98,0.00013017654418945312,15363.750915750916,1505647.5897435897,0,0,2,0,0,0,0,0,0,0,0,2,2,0,0,0,0,0,0,65.33333333333333,0.0,0.0,0.0,0.0,0,0,0
normal_ping,2,196,98.0,98,98,0.0396270751953125,50.47054293415479,4946.11320754717,0,0,2,0,0,0,0,0,0,0,0,2,2,0,0,0,0,0,0,65.33333333333333,0.0,0.0,0.0,0.0,0,0,0
normal_ping,2,196,98.0,98,98,0.0003991127014160156,5011.115890083632,491089.35722819594,0,0,2,0,0,0,0,0,0,0,0,2,2,0,0,0,0,0,0,65.33333333333333,0.0,0.0,0.0,0.0,0,0,0
normal_ping,2,196,98.0,98,98,0.00013518333435058594,14794.723104056437,1449882.8641975308,0,0,2,0,0,0,0,0,0,0,0,2,2,0,0,0,0,0,0,65.33333333333333,0.0,0.0,0.0,0.0,0,0,0
normal_ping,2,196,98.0,98,98,0.0001270771026611328,15738.476547842401,1542370.7016885553,0,0,2,0,0,0,0,0,0,0,0,2,2,0,0,0,0,0,0,65.33333333333333,0.0,0.0,0.0,0.0,0,0,0
normal_ping,2,196,98.0,98,98,0.00011682510375976562,17119.608163265308,1677721.6,0,0,2,0,0,0,0,0,0,0,0,2,2,0,0,0,0,0,0,65.33333333333333,0.0,0.0,0.0,0.0,0,0,0
normal_ping,2,196,98.0,98,98,9.703636169433594e-05,20610.830466830466,2019861.3857493857,0,0,2,0,0,0,0,0,0,0,0,2,2,0,0,0,0,0,0,65.33333333333333,0.0,0.0,0.0,0.0,0,0,0
normal_ping,2,196,98.0,98,98,0.000926971435546875,2157.5637860082306,211441.25102880658,0,0,2,0,0,0,0,0,0,0,0,2,2,0,0,0,0,0,0,65.33333333333333,0.0,0.0,0.0,0.0,0,0,0
normal_ping,2,196,98.0,98,98,0.00014400482177734375,13888.423841059603,1361065.536423841,0,0,2,0,0,0,0,0,0,0,0,2,2,0,0,0,0,0,0,65.33333333333333,0.0,0.0,0.0,0.0,0,0,0
normal_ping,2,196,98.0,98,98,0.019170045852661133,104.32943224923824,10224.284360425347,0,0,2,0,0,0,0,0,0,0,0,2,2,0,0,0,0,0,0,65.33333333333333,0.0,0.0,0.0,0.0,0,0,0
normal_ping,2,196,98.0,98,98,9.298324584960938e-05,21509.251282051282,2107906.6256410256,0,0,2,0,0,0,0,0,0,0,0,2,2,0,0,0,0,0,0,65.33333333333333,0.0,0.0,0.0,0.0,0,0,0
normal_ping,2,196,98.0,98,98,9.298324584960938e-05,21509.251282051282,2107906.6256410256,0,0,2,0,0,0,0,0,0,0,0,2,2,0,0,0,0,0,0,65.33333333333333,0.0,0.0,0.0,0.0,0,0,0
normal_ping,2,196,98.0,98,98,0.00020194053649902344,9903.905548996458,970582.7438016529,0,0,2,0,0,0,0,0,0,0,0,2,2,0,0,0,0,0,0,65.33333333333333,0.0,0.0,0.0,0.0,0,0,0
normal_ping,2,196,98.0,98,98,0.0001239776611328125,16131.938461538462,1580929.9692307692,0,0,2,0,0,0,0,0,0,0,0,2,2,0,0,0,0,0,0,65.33333333333333,0.0,0.0,0.0,0.0,0,0,0
normal_ping,2,196,98.0,98,98,9.799003601074219e-05,20410.238442822385,2000203.3673965936,0,0,2,0,0,0,0,0,0,0,0,2,2,0,0,0,0,0,0,65.33333333333333,0.0,0.0,0.0,0.0,0,0,0
normal_ping,2,196,98.0,98,98,0.00019311904907226562,10356.306172839506,1014918.0049382716,0,0,2,0,0,0,0,0,0,0,0,2,2,0,0,0,0,0,0,65.33333333333333,0.0,0.0,0.0,0.0,0,0,0
normal_ping,2,196,98.0,98,98,0.00011491775512695312,17403.7510373444,1705567.601659751,0,0,2,0,0,0,0,0,0,0,0,2,2,0,0,0,0,0,0,65.33333333333333,0.0,0.0,0.0,0.0,0,0,0
normal_ping,2,196,98.0,98,98,0.00021195411682128906,9436.004499437571,924728.4409448819,0,0,2,0,0,0,0,0,0,0,0,2,2,0,0,0,0,0,0,65.33333333333333,0.0,0.0,0.0,0.0,0,0,0
normal_ping,2,196,98.0,98,98,0.0026450157165527344,756.1391743284659,74101.63908418965,0,0,2,0,0,0,0,0,0,0,0,2,2,0,0,0,0,0,0,65.33333333333333,0.0,0.0,0.0,0.0,0,0,0
normal_ping,2,196,98.0,98,98,8.702278137207031e-05,22982.487671232877,2252283.791780822,0,0,2,0,0,0,0,0,0,0,0,2,2,0,0,0,0,0,0,65.33333333333333,0.0,0.0,0.0,0.0,0,0,0
normal_ping,2,196,98.0,98,98,0.00011610984802246094,17225.067761806982,1688056.6406570843,0,0,2,0,0,0,0,0,0,0,0,2,2,0,0,0,0,0,0,65.33333333333333,0.0,0.0,0.0,0.0,0,0,0
normal_ping,2,196,98.0,98,98,0.00013184547424316406,15169.273056057866,1486588.759493671,0,0,2,0,0,0,0,0,0,0,0,2,2,0,0,0,0,0,0,65.33333333333333,0.0,0.0,0.0,0.0,0,0,0
normal_ping,2,196,98.0,98,98,0.00016999244689941406,11765.228611500701,1152992.4039270687,0,0,2,0,0,0,0,0,0,0,0,2,2,0,0,0,0,0,0,65.33333333333333,0.0,0.0,0.0,0.0,0,0,0
normal_ping,2,196,98.0,98,98,8.988380432128906e-05,22250.949602122015,2180593.0610079574,0,0,2,0,0,0,0,0,0,0,0,2,2,0,0,0,0,0,0,65.33333333333333,0.0,0.0,0.0,0.0,0,0,0
normal_ping,2,196,98.0,98,98,0.0001068115234375,18724.571428571428,1835008.0,0,0,2,0,0,0,0,0,0,0,0,2,2,0,0,0,0,0,0,65.33333333333333,0.0,0.0,0.0,0.0,0,0,0
normal_ping,2,196,98.0,98,98,0.00013017654418945312,15363.750915750916,1505647.5897435897,0,0,2,0,0,0,0,0,0,0,0,2,2,0,0,0,0,0,0,65.33333333333333,0.0,0.0,0.0,0.0,0,0,0
normal_ping,2,196,98.0,98,98,0.0002779960632324219,7194.346483704974,705045.9554030874,0,0,2,0,0,0,0,0,0,0,0,2,2,0,0,0,0,0,0,65.33333333333333,0.0,0.0,0.0,0.0,0,0,0
normal_ping,2,196,98.0,98,98,0.00011396408081054688,17549.38912133891,1719840.1338912135,0,0,2,0,0,0,0,0,0,0,0,2,2,0,0,0,0,0,0,65.33333333333333,0.0,0.0,0.0,0.0,0,0,0
normal_ping,2,196,98.0,98,98,9.298324584960938e-05,21509.251282051282,2107906.6256410256,0,0,2,0,0,0,0,0,0,0,0,2,2,0,0,0,0,0,0,65.33333333333333,0.0,0.0,0.0,0.0,0,0,0
normal_ping,2,196,98.0,98,98,0.00014901161193847656,13421.7728,1315333.7344,0,0,2,0,0,0,0,0,0,0,0,2,2,0,0,0,0,0,0,65.33333333333333,0.0,0.0,0.0,0.0,0,0,0
normal_ping,2,196,98.0,98,98,9.202957153320312e-05,21732.145077720208,2129750.2176165804,0,0,2,0,0,0,0,0,0,0,0,2,2,0,0,0,0,0,0,65.33333333333333,0.0,0.0,0.0,0.0,0,0,0
normal_ping,2,196,98.0,98,98,8.487701416015625e-05,23563.505617977527,2309223.550561798,0,0,2,0,0,0,0,0,0,0,0,2,2,0,0,0,0,0,0,65.33333333333333,0.0,0.0,0.0,0.0,0,0,0
normal_ping,2,196,98.0,98,98,9.703636169433594e-05,20610.830466830466,2019861.3857493857,0,0,2,0,0,0,0,0,0,0,0,2,2,0,0,0,0,0,0,65.33333333333333,0.0,0.0,0.0,0.0,0,0,0
normal_ping,2,196,98.0,98,98,0.0002789497375488281,7169.750427350427,702635.5418803418,0,0,2,0,0,0,0,0,0,0,0,2,2,0,0,0,0,0,0,65.33333333333333,0.0,0.0,0.0,0.0,0,0,0
normal_ping,2,196,98.0,98,98,0.00010204315185546875,19599.551401869157,1920756.0373831776,0,0,2,0,0,0,0,0,0,0,0,2,2,0,0,0,0,0,0,65.33333333333333,0.0,0.0,0.0,0.0,0,0,0
normal_ping,2,196,98.0,98,98,0.00010895729064941406,18355.816192560174,1798869.9868708972,0,0,2,0,0,0,0,0,0,0,0,2,2,0,0,0,0,0,0,65.33333333333333,0.0,0.0,0.0,0.0,0,0,0
normal_ping,2,196,98.0,98,98,0.0001289844512939453,15505.744916820702,1519563.0018484287,0,0,2,0,0,0,0,0,0,0,0,2,2,0,0,0,0,0,0,65.33333333333333,0.0,0.0,0.0,0.0,0,0,0
normal_ping,2,196,98.0,98,98,8.606910705566406e-05,23237.141274238227,2277239.8448753464,0,0,2,0,0,0,0,0,0,0,0,2,2,0,0,0,0,0,0,65.33333333333333,0.0,0.0,0.0,0.0,0,0,0
normal_ping,2,196,98.0,98,98,0.00011086463928222656,18040.017204301075,1767921.6860215054,0,0,2,0,0,0,0,0,0,0,0,2,2,0,0,0,0,0,0,65.33333333333333,0.0,0.0,0.0,0.0,0,0,0
normal_ping,2,196,98.0,98,98,9.298324584960938e-05,21509.251282051282,2107906.6256410256,0,0,2,0,0,0,0,0,0,0,0,2,2,0,0,0,0,0,0,65.33333333333333,0.0,0.0,0.0,0.0,0,0,0
normal_ping,2,196,98.0,98,98,0.00011515617370605469,17367.718426501036,1702036.4057971016,0,0,2,0,0,0,0,0,0,0,0,2,2,0,0,0,0,0,0,65.33333333333333,0.0,0.0,0.0,0.0,0,0,0
normal_ping,2,196,98.0,98,98,0.00010704994201660156,18682.86859688196,1830921.1224944321,0,0,2,0,0,0,0,0,0,0,0,2,2,0,0,0,0,0,0,65.33333333333333,0.0,0.0,0.0,0.0,0,0,0
normal_ping,2,196,98.0,98,98,0.0014710426330566406,1359.5799027552673,133238.8304700162,0,0,2,0,0,0,0,0,0,0,0,2,2,0,0,0,0,0,0,65.33333333333333,0.0,0.0,0.0,0.0,0,0,0
normal_ping,2,196,98.0,98,98,0.00010895729064941406,18355.816192560174,1798869.9868708972,0,0,2,0,0,0,0,0,0,0,0,2,2,0,0,0,0,0,0,65.33333333333333,0.0,0.0,0.0,0.0,0,0,0
normal_ping,2,196,98.0,98,98,0.0001068115234375,18724.571428571428,1835008.0,0,0,2,0,0,0,0,0,0,0,0,2,2,0,0,0,0,0,0,65.33333333333333,0.0,0.0,0.0,0.0,0,0,0
normal_ping,2,196,98.0,98,98,0.0001399517059326172,14290.64395229983,1400483.1073253832,0,0,2,0,0,0,0,0,0,0,0,2,2,0,0,0,0,0,0,65.33333333333333,0.0,0.0,0.0,0.0,0,0,0
normal_ping,2,196,98.0,98,98,0.00011610984802246094,17225.067761806982,1688056.6406570843,0,0,2,0,0,0,0,0,0,0,0,2,2,0,0,0,0,0,0,65.33333333333333,0.0,0.0,0.0,0.0,0,0,0
normal_ping,2,196,98.0,98,98,9.918212890625e-05,20164.923076923078,1976162.4615384615,0,0,2,0,0,0,0,0,0,0,0,2,2,0,0,0,0,0,0,65.33333333333333,0.0,0.0,0.0,0.0,0,0,0
normal_ping,2,196,98.0,98,98,0.0006480216979980469,3086.316409124356,302459.0080941869,0,0,2,0,0,0,0,0,0,0,0,2,2,0,0,0,0,0,0,65.33333333333333,0.0,0.0,0.0,0.0,0,0,0
normal_ping,2,196,98.0,98,98,0.0002830028533935547,7067.0665543386685,692572.5223251896,0,0,2,0,0,0,0,0,0,0,0,2,2,0,0,0,0,0,0,65.33333333333333,0.0,0.0,0.0,0.0,0,0,0
normal_ping,2,196,98.0,98,98,0.00011396408081054688,17549.38912133891,1719840.1338912135,0,0,2,0,0,0,0,0,0,0,0,2,2,0,0,0,0,0,0,65.33333333333333,0.0,0.0,0.0,0.0,0,0,0
normal_ping,2,196,98.0,98,98,0.00010395050048828125,19239.92660550459,1885512.8073394496,0,0,2,0,0,0,0,0,0,0,0,2,2,0,0,0,0,0,0,65.33333333333333,0.0,0.0,0.0,0.0,0,0,0
normal_ping,2,196,98.0,98,98,0.0001010894775390625,19784.45283018868,1938876.3773584906,0,0,2,0,0,0,0,0,0,0,0,2,2,0,0,0,0,0,0,65.33333333333333,0.0,0.0,0.0,0.0,0,0,0
normal_ping,2,196,98.0,98,98,8.320808410644531e-05,24036.126074498567,2355540.3553008595,0,0,2,0,0,0,0,0,0,0,0,2,2,0,0,0,0,0,0,65.33333333333333,0.0,0.0,0.0,0.0,0,0,0
normal_ping,2,196,98.0,98,98,0.003197193145751953,625.5486950037285,61303.7721103654,0,0,2,0,0,0,0,0,0,0,0,2,2,0,0,0,0,0,0,65.33333333333333,0.0,0.0,0.0,0.0,0,0,0
normal_ping,2,196,98.0,98,98,0.00010800361633300781,18517.898454746137,1814754.0485651214,0,0,2,0,0,0,0,0,0,0,0,2,2,0,0,0,0,0,0,65.33333333333333,0.0,0.0,0.0,0.0,0,0,0
normal_ping,2,196,98.0,98,98,0.0001270771026611328,15738.476547842401,1542370.7016885553,0,0,2,0,0,0,0,0,0,0,0,2,2,0,0,0,0,0,0,65.33333333333333,0.0,0.0,0.0,0.0,0,0,0
normal_ping,2,196,98.0,98,98,0.0003008842468261719,6647.074484944533,651413.2995245642,0,0,2,0,0,0,0,0,0,0,0,2,2,0,0,0,0,0,0,65.33333333333333,0.0,0.0,0.0,0.0,0,0,0
normal_ping,2,196,98.0,98,98,0.000102996826171875,19418.074074074073,1902971.2592592593,0,0,2,0,0,0,0,0,0,0,0,2,2,0,0,0,0,0,0,65.33333333333333,0.0,0.0,0.0,0.0,0,0,0
normal_ping,2,196,98.0,98,98,0.0007250308990478516,2758.5031239723776,270333.30614929297,0,0,2,0,0,0,0,0,0,0,0,2,2,0,0,0,0,0,0,65.33333333333333,0.0,0.0,0.0,0.0,0,0,0
normal_ping,2,196,98.0,98,98,0.0007519721984863281,2659.6727964489537,260647.93405199746,0,0,2,0,0,0,0,0,0,0,0,2,2,0,0,0,0,0,0,65.33333333333333,0.0,0.0,0.0,0.0,0,0,0
normal_ping,2,196,98.0,98,98,0.00011086463928222656,18040.017204301075,1767921.6860215054,0,0,2,0,0,0,0,0,0,0,0,2,2,0,0,0,0,0,0,65.33333333333333,0.0,0.0,0.0,0.0,0,0,0
normal_ping,2,196,98.0,98,98,0.00011706352233886719,17084.741344195518,1674304.651731161,0,0,2,0,0,0,0,0,0,0,0,2,2,0,0,0,0,0,0,65.33333333333333,0.0,0.0,0.0,0.0,0,0,0
normal_ping,2,196,98.0,98,98,0.00010204315185546875,19599.551401869157,1920756.0373831776,0,0,2,0,0,0,0,0,0,0,0,2,2,0,0,0,0,0,0,65.33333333333333,0.0,0.0,0.0,0.0,0,0,0
normal_ping,2,196,98.0,98,98,0.00015497207641601562,12905.55076923077,1264743.9753846154,0,0,2,0,0,0,0,0,0,0,0,2,2,0,0,0,0,0,0,65.33333333333333,0.0,0.0,0.0,0.0,0,0,0
normal_ping,2,196,98.0,98,98,0.00011706352233886719,17084.741344195518,1674304.651731161,0,0,2,0,0,0,0,0,0,0,0,2,2,0,0,0,0,0,0,65.33333333333333,0.0,0.0,0.0,0.0,0,0,0
normal_ping,2,196,98.0,98,98,8.606910705566406e-05,23237.141274238227,2277239.8448753464,0,0,2,0,0,0,0,0,0,0,0,2,2,0,0,0,0,0,0,65.33333333333333,0.0,0.0,0.0,0.0,0,0,0
normal_ping,2,196,98.0,98,98,0.00011205673217773438,17848.102127659575,1749114.0085106383,0,0,2,0,0,0,0,0,0,0,0,2,2,0,0,0,0,0,0,65.33333333333333,0.0,0.0,0.0,0.0,0,0,0
normal_ping,2,196,98.0,98,98,0.0002892017364501953,6915.587798845837,677727.604286892,0,0,2,0,0,0,0,0,0,0,0,2,2,0,0,0,0,0,0,65.33333333333333,0.0,0.0,0.0,0.0,0,0,0
normal_ping,2,196,98.0,98,98,0.00010919570922851562,18315.737991266375,1794942.3231441048,0,0,2,0,0,0,0,0,0,0,0,2,2,0,0,0,0,0,0,65.33333333333333,0.0,0.0,0.0,0.0,0,0,0
normal_ping,2,196,98.0,98,98,9.894371032714844e-05,20213.51325301205,1980924.2987951806,0,0,2,0,0,0,0,0,0,0,0,2,2,0,0,0,0,0,0,65.33333333333333,0.0,0.0,0.0,0.0,0,0,0
normal_ping,2,196,98.0,98,98,0.0003261566162109375,6132.023391812865,600938.2923976608,0,0,2,0,0,0,0,0,0,0,0,2,2,0,0,0,0,0,0,65.33333333333333,0.0,0.0,0.0,0.0,0,0,0
normal_ping,2,196,98.0,98,98,0.00013303756713867188,15033.347670250896,1473268.0716845877,0,0,2,0,0,0,0,0,0,0,0,2,2,0,0,0,0,0,0,65.33333333333333,0.0,0.0,0.0,0.0,0,0,0
normal_ping,2,196,98.0,98,98,0.00011396408081054688,17549.38912133891,1719840.1338912135,0,0,2,0,0,0,0,0,0,0,0,2,2,0,0,0,0,0,0,65.33333333333333,0.0,0.0,0.0,0.0,0,0,0
normal_ping,2,196,98.0,98,98,0.00012087821960449219,16545.577909270218,1621466.6351084812,0,0,2,0,0,0,0,0,0,0,0,2,2,0,0,0,0,0,0,65.33333333333333,0.0,0.0,0.0,0.0,0,0,0
normal_http,36,24416,678.2222222222222,66,1514,0.5323810577392578,67.62073795952293,45861.88716721422,36,0,0,4,34,0,4,6,0,3,3,2,2,0,0,0,14,0,80,659.8918918918919,0.0,0.0,1.3862943611198906,0.08108108108108109,0,0,0
normal_http,39,24614,631.1282051282051,66,1514,0.5530588626861572,70.51690630284904,44505.208506110925,39,0,0,4,37,0,4,8,0,3,3,2,2,0,0,0,17,0,80,615.35,0.0,0.0,1.3862943611198906,0.075,0,0,0
normal_http,36,24416,678.2222222222222,66,1514,0.5255839824676514,68.49523806067612,46454.99256915189,36,0,0,4,34,0,4,6,0,3,3,2,2,0,0,0,14,0,80,659.8918918918919,0.0,0.0,1.3862943611198906,0.08108108108108109,0,0,0
normal_http,38,24548,646.0,66,1514,0.5293049812316895,71.79225842835304,46377.79894471606,38,0,0,4,36,0,4,6,0,3,3,2,2,0,0,0,16,0,80,629.4358974358975,0.0,0.0,1.3862943611198906,0.07692307692307693,0,0,0
normal_http,36,24416,678.2222222222222,66,1514,0.5220580101013184,68.95785392319391,46768.74892746396,36,0,0,4,34,0,4,6,0,3,3,2,2,0,0,0,14,0,80,659.8918918918919,0.0,0.0,1.3862943611198906,0.08108108108108109,0,0,0
normal_http,36,24416,678.2222222222222,66,1514,0.5219550132751465,68.9714613029739,46777.97775481697,36,0,0,4,34,0,4,6,0,3,3,2,2,0,0,0,14,0,80,659.8918918918919,0.0,0.0,1.3862943611198906,0.08108108108108109,0,0,0
normal_http,37,24482,661.6756756756756,66,1514,0.5269038677215576,70.22153805777842,46463.883641365705,37,0,0,4,35,0,4,6,0,3,3,2,2,0,0,0,15,0,80,644.2631578947369,0.0,0.0,1.3862943611198906,0.07894736842105263,0,0,0
normal_http,37,24482,661.6756756756756,66,1514,0.5736989974975586,64.49375048830804,42673.94593120966,37,0,0,4,35,0,4,6,0,3,3,2,2,0,0,0,14,0,80,644.2631578947369,0.0,0.0,1.3862943611198906,0.07894736842105263,0,0,0
normal_http,37,24482,661.6756756756756,66,1514,0.5551080703735352,66.6536877676855,44103.12388995882,37,0,0,4,35,0,4,8,0,3,3,2,2,0,0,0,15,0,80,644.2631578947369,0.0,0.0,1.3862943611198906,0.07894736842105263,0,0,0
normal_http,37,24482,661.6756756756756,66,1514,0.5366699695587158,68.9436750679822,45618.35278417135,37,0,0,4,35,0,4,6,0,3,3,2,2,0,0,0,15,0,80,644.2631578947369,0.0,0.0,1.3862943611198906,0.07894736842105263,0,0,0
normal_http,38,24548,646.0,66,1514,0.5675179958343506,66.95822912916331,43255.016017439506,38,0,0,4,36,0,4,6,0,3,3,2,2,0,0,0,16,0,80,629.4358974358975,0.0,0.0,1.3862943611198906,0.07692307692307693,0,0,0
normal_http,36,24416,678.2222222222222,66,1514,0.5203239917755127,69.18766109007665,46924.60925486976,36,0,0,4,34,0,4,6,0,3,3,2,2,0,0,0,14,0,80,659.8918918918919,0.0,0.0,1.3862943611198906,0.08108108108108109,0,0,0
normal_http,35,24350,695.7142857142857,66,1514,0.529414176940918,66.11080988091099,45994.23487429093,35,0,0,4,33,0,4,6,0,3,3,2,2,0,0,0,13,0,80,676.3888888888889,0.0,0.0,1.3862943611198906,0.08333333333333333,0,0,0
normal_http,37,24482,661.6756756756756,66,1514,0.531886100769043,69.56376552518006,46028.65155641779,37,0,0,4,35,0,4,6,0,3,3,2,2,0,0,0,15,0,80,644.2631578947369,0.0,0.0,1.3862943611198906,0.07894736842105263,0,0,0
normal_http,37,24482,661.6756756756756,66,1514,0.5211539268493652,70.99629897002485,46976.52409146348,37,0,0,4,35,0,4,6,0,3,3,2,2,0,0,0,15,0,80,644.2631578947369,0.0,0.0,1.3862943611198906,0.07894736842105263,0,0,0
normal_http,37,24482,661.6756756756756,66,1514,0.5191600322723389,71.26896852604919,47156.94290418206,37,0,0,4,35,0,4,6,0,3,3,2,2,0,0,0,15,0,80,644.2631578947369,0.0,0.0,1.3862943611198906,0.07894736842105263,0,0,0
normal_http,36,24416,678.2222222222222,66,1514,0.5185339450836182,69.42650590443927,47086.59911563303,36,0,0,4,34,0,4,6,0,3,3,2,2,0,0,0,14,0,80,659.8918918918919,0.0,0.0,1.3862943611198906,0.08108108108108109,0,0,0
normal_http,39,24614,631.1282051282051,66,1514,0.5207490921020508,74.89211328736643,47266.525037313775,39,0,0,4,37,0,4,6,0,3,3,2,2,0,0,0,17,0,80,615.35,0.0,0.0,1.3862943611198906,0.075,0,0,0
normal_http,35,24350,695.7142857142857,66,1514,0.518064022064209,67.5592176050822,47001.912819535755,35,0,0,4,33,0,4,6,0,3,3,2,2,0,0,0,13,0,80,676.3888888888889,0.0,0.0,1.3862943611198906,0.08333333333333333,0,0,0
normal_http,36,24416,678.2222222222222,66,1514,0.5252060890197754,68.544521384337,46488.41761444368,36,0,0,4,34,0,4,6,0,3,3,2,2,0,0,0,14,0,80,659.8918918918919,0.0,0.0,1.3862943611198906,0.08108108108108109,0,0,0
normal_http,38,24548,646.0,66,1514,0.5330231189727783,71.29146681898553,46054.28756506465,38,0,0,4,36,0,4,6,0,3,3,2,2,0,0,0,16,0,80,629.4358974358975,0.0,0.0,1.3862943611198906,0.07692307692307693,0,0,0
normal_http,38,24548,646.0,66,1514,0.529818058013916,71.72273467319587,46332.886598884535,38,0,0,4,36,0,4,6,0,3,3,2,2,0,0,0,16,0,80,629.4358974358975,0.0,0.0,1.3862943611198906,0.07692307692307693,0,0,0
normal_http,36,24416,678.2222222222222,66,1514,0.5238950252532959,68.71605620342454,46604.756340633714,36,0,0,4,34,0,4,6,0,3,3,2,2,0,0,0,14,0,80,659.8918918918919,0.0,0.0,1.3862943611198906,0.08108108108108109,0,0,0
normal_http,40,24680,617.0,66,1514,0.5178930759429932,77.2360200552343,47654.62437407956,40,0,0,4,38,0,4,6,0,3,3,2,2,0,0,0,18,0,80,601.9512195121952,0.0,0.0,1.3862943611198906,0.07317073170731707,0,0,0
normal_http,38,24548,646.0,66,1514,0.5223989486694336,72.74134087901054,46990.90620784081,38,0,0,4,36,0,4,6,0,3,3,2,2,0,0,0,16,0,80,629.4358974358975,0.0,0.0,1.3862943611198906,0.07692307692307693,0,0,0
normal_http,38,24548,646.0,66,1514,0.5234639644622803,72.59334468044018,46895.300663564354,38,0,0,4,36,0,4,6,0,3,3,2,2,0,0,0,16,0,80,629.4358974358975,0.0,0.0,1.3862943611198906,0.07692307692307693,0,0,0
normal_http,36,24416,678.2222222222222,66,1514,0.5226819515228271,68.87553682524232,46712.919642364344,36,0,0,4,34,0,4,6,0,3,3,2,2,0,0,0,14,0,80,659.8918918918919,0.0,0.0,1.3862943611198906,0.08108108108108109,0,0,0
normal_http,36,24416,678.2222222222222,66,1514,0.5198419094085693,69.25182319555122,46968.125420627184,36,0,0,4,34,0,4,6,0,3,3,2,2,0,0,0,14,0,80,659.8918918918919,0.0,0.0,1.3862943611198906,0.08108108108108109,0,0,0
normal_http,36,24416,678.2222222222222,66,1514,0.5346479415893555,67.33402899295243,45667.43477477574,36,0,0,4,34,0,4,6,0,3,3,2,2,0,0,0,14,0,80,659.8918918918919,0.0,0.0,1.3862943611198906,0.08108108108108109,0,0,0
normal_http,35,24350,695.7142857142857,66,1514,0.5257258415222168,66.57462356930941,46316.91668321955,35,0,0,4,33,0,4,6,0,3,3,2,2,0,0,0,13,0,80,676.3888888888889,0.0,0.0,1.3862943611198906,0.08333333333333333,0,0,0
normal_http,37,24482,661.6756756756756,66,1514,0.5259668827056885,70.34663439200567,46546.65684284008,37,0,0,4,35,0,4,6,0,3,3,2,2,0,0,0,15,0,80,644.2631578947369,0.0,0.0,1.3862943611198906,0.07894736842105263,0,0,0
normal_http,36,24416,678.2222222222222,66,1514,0.5275568962097168,68.23908522217312,46281.26402179385,36,0,0,4,34,0,4,6,0,3,3,2,2,0,0,0,14,0,80,659.8918918918919,0.0,0.0,1.3862943611198906,0.08108108108108109,0,0,0
normal_http,39,24614,631.1282051282051,66,1514,0.5265281200408936,74.07011803466644,46747.74064885332,39,0,0,4,37,0,4,7,0,3,3,2,2,0,0,0,17,0,80,615.35,0.0,0.0,1.3862943611198906,0.075,0,0,0
normal_http,37,24482,661.6756756756756,66,1514,0.5216391086578369,70.93026459461596,46932.83075149697,37,0,0,4,35,0,4,6,0,3,3,2,2,0,0,0,15,0,80,644.2631578947369,0.0,0.0,1.3862943611198906,0.07894736842105263,0,0,0
normal_http,38,24548,646.0,66,1514,0.5200281143188477,73.0729723137639,47205.14011469147,38,0,0,4,36,0,4,6,0,3,3,2,2,0,0,0,16,0,80,629.4358974358975,0.0,0.0,1.3862943611198906,0.07692307692307693,0,0,0
normal_http,36,24416,678.2222222222222,66,1514,0.5255370140075684,68.50135963873623,46459.14435942733,36,0,0,4,34,0,4,6,0,3,3,2,2,0,0,0,14,0,80,659.8918918918919,0.0,0.0,1.3862943611198906,0.08108108108108109,0,0,0
normal_http,36,24416,678.2222222222222,66,1514,0.5258569717407227,68.45967997881759,46430.87628785584,36,0,0,4,34,0,4,6,0,3,3,2,2,0,0,0,14,0,80,659.8918918918919,0.0,0.0,1.3862943611198906,0.08108108108108109,0,0,0
normal_http,36,24416,678.2222222222222,66,1514,0.5394158363342285,66.73886373942861,45263.780473941355,36,0,0,4,34,0,4,6,0,3,3,2,2,0,0,0,14,0,80,659.8918918918919,0.0,0.0,1.3862943611198906,0.08108108108108109,0,0,0
normal_http,36,24416,678.2222222222222,66,1514,0.5626969337463379,63.97760115790624,43391.03082976219,36,0,0,4,34,0,4,6,0,3,3,2,2,0,0,0,14,0,80,659.8918918918919,0.0,0.0,1.3862943611198906,0.08108108108108109,0,0,0
normal_http,35,24350,695.7142857142857,66,1514,0.5410830974578857,64.68507363182633,45002.32979814203,35,0,0,4,33,0,4,8,0,3,3,2,2,0,0,0,13,0,80,676.3888888888889,0.0,0.0,1.3862943611198906,0.08333333333333333,0,0,0
normal_http,37,24482,661.6756756756756,66,1514,0.528069019317627,70.06659858177547,46361.363958892616,37,0,0,4,35,0,4,6,0,3,3,2,2,0,0,0,15,0,80,644.2631578947369,0.0,0.0,1.3862943611198906,0.07894736842105263,0,0,0
normal_http,36,24416,678.2222222222222,66,1514,0.540708065032959,66.57936570227709,45155.605360744376,36,0,0,4,34,0,4,6,0,3,3,2,2,0,0,0,14,0,80,659.8918918918919,0.0,0.0,1.3862943611198906,0.08108108108108109,0,0,0
normal_http,36,24416,678.2222222222222,66,1514,0.526263952255249,68.40673742848199,46394.969473717116,36,0,0,4,34,0,4,6,0,3,3,2,2,0,0,0,14,0,80,659.8918918918919,0.0,0.0,1.3862943611198906,0.08108108108108109,0,0,0
normal_http,36,24416,678.2222222222222,66,1514,0.532620906829834,67.5902870848094,45841.2347072974,36,0,0,4,34,0,4,6,0,3,3,2,2,0,0,0,14,0,80,659.8918918918919,0.0,0.0,1.3862943611198906,0.08108108108108109,0,0,0
normal_http,39,24614,631.1282051282051,66,1514,0.530656099319458,73.49392582129123,46384.089491416984,39,0,0,4,37,0,4,7,0,3,3,2,2,0,0,0,17,0,80,615.35,0.0,0.0,1.3862943611198906,0.075,0,0,0
normal_http,36,24416,678.2222222222222,66,1514,0.5234551429748535,68.77380131448898,46643.92035818231,36,0,0,4,34,0,4,6,0,3,3,2,2,0,0,0,14,0,80,659.8918918918919,0.0,0.0,1.3862943611198906,0.08108108108108109,0,0,0
normal_http,36,24416,678.2222222222222,66,1514,0.5197999477386475,69.25741365811102,46971.91699656774,36,0,0,4,34,0,4,6,0,3,3,2,2,0,0,0,14,0,80,659.8918918918919,0.0,0.0,1.3862943611198906,0.08108108108108109,0,0,0
normal_http,36,24416,678.2222222222222,66,1514,0.524320125579834,68.66034364061154,46566.970842476985,36,0,0,4,34,0,4,6,0,3,3,2,2,0,0,0,14,0,80,659.8918918918919,0.0,0.0,1.3862943611198906,0.08108108108108109,0,0,0
normal_http,36,24416,678.2222222222222,66,1514,0.5327239036560059,67.57721918039962,45832.37176412881,36,0,0,4,34,0,4,6,0,3,3,2,2,0,0,0,14,0,80,659.8918918918919,0.0,0.0,1.3862943611198906,0.08108108108108109,0,0,0
normal_http,35,24350,695.7142857142857,66,1514,0.5206239223480225,67.22702991086047,46770.80509512721,35,0,0,4,33,0,4,6,0,3,3,2,2,0,0,0,13,0,80,676.3888888888889,0.0,0.0,1.3862943611198906,0.08333333333333333,0,0,0
normal_http,35,24350,695.7142857142857,66,1514,0.5197839736938477,67.33566591380705,46846.38471432005,35,0,0,4,33,0,4,6,0,3,3,2,2,0,0,0,13,0,80,676.3888888888889,0.0,0.0,1.3862943611198906,0.08333333333333333,0,0,0
normal_http,38,24548,646.0,66,1514,0.5337889194488525,71.18918848902997,45988.21576391336,38,0,0,4,36,0,4,8,0,3,3,2,2,0,0,0,16,0,80,629.4358974358975,0.0,0.0,1.3862943611198906,0.07692307692307693,0,0,0
normal_http,37,24482,661.6756756756756,66,1514,0.5349400043487549,69.16663494823953,45765.8799135892,37,0,0,4,35,0,4,6,0,3,3,2,2,0,0,0,15,0,80,644.2631578947369,0.0,0.0,1.3862943611198906,0.07894736842105263,0,0,0
normal_http,38,24548,646.0,66,1514,0.5278768539428711,71.98648646207266,46503.270254498944,38,0,0,4,36,0,4,6,0,3,3,2,2,0,0,0,16,0,80,629.4358974358975,0.0,0.0,1.3862943611198906,0.07692307692307693,0,0,0
normal_http,38,24548,646.0,66,1514,0.5288798809051514,71.84996323733266,46415.076251316896,38,0,0,4,36,0,4,6,0,3,3,2,2,0,0,0,16,0,80,629.4358974358975,0.0,0.0,1.3862943611198906,0.07692307692307693,0,0,0
normal_http,39,24614,631.1282051282051,66,1514,0.5296502113342285,73.63350219715024,46472.18007899117,39,0,0,4,37,0,4,6,0,3,3,2,2,0,0,0,17,0,80,615.35,0.0,0.0,1.3862943611198906,0.075,0,0,0
normal_http,39,24614,631.1282051282051,66,1514,0.5325791835784912,73.22854742078405,46216.60169782509,39,0,0,4,37,0,4,6,0,3,3,2,2,0,0,0,17,0,80,615.35,0.0,0.0,1.3862943611198906,0.075,0,0,0
normal_http,39,24614,631.1282051282051,66,1514,0.532958984375,73.17636280348145,46183.6665139716,39,0,0,4,37,0,4,6,0,3,3,2,2,0,0,0,17,0,80,615.35,0.0,0.0,1.3862943611198906,0.075,0,0,0
normal_http,37,24482,661.6756756756756,66,1514,0.5222210884094238,70.85121765705452,46880.527315675914,37,0,0,4,35,0,4,6,0,3,3,2,2,0,0,0,15,0,80,644.2631578947369,0.0,0.0,1.3862943611198906,0.07894736842105263,0,0,0
normal_http,38,24548,646.0,66,1514,0.5248720645904541,72.39859494075104,46769.49233172517,38,0,0,4,36,0,4,6,0,3,3,2,2,0,0,0,16,0,80,629.4358974358975,0.0,0.0,1.3862943611198906,0.07692307692307693,0,0,0
normal_http,36,24416,678.2222222222222,66,1514,0.5251638889312744,68.55002935038273,46492.153239415136,36,0,0,4,34,0,4,6,0,3,3,2,2,0,0,0,14,0,80,659.8918918918919,0.0,0.0,1.3862943611198906,0.08108108108108109,0,0,0
normal_http,40,24680,617.0,66,1514,0.6002311706542969,66.64099093087253,41117.49140434835,40,0,0,4,38,0,4,6,0,3,3,2,2,0,0,0,18,0,80,601.9512195121952,0.0,0.0,1.3862943611198906,0.07317073170731707,0,0,0
normal_http,38,24548,646.0,66,1514,0.5180630683898926,73.35014271158454,47384.19219168361,38,0,0,4,36,0,4,6,0,3,3,2,2,0,0,0,16,0,80,629.4358974358975,0.0,0.0,1.3862943611198906,0.07692307692307693,0,0,0
normal_http,36,24416,678.2222222222222,66,1514,0.5456459522247314,65.97684790516493,44746.96440145853,36,0,0,4,34,0,4,6,0,3,3,2,2,0,0,0,14,0,80,659.8918918918919,0.0,0.0,1.3862943611198906,0.08108108108108109,0,0,0
normal_http,37,24482,661.6756756756756,66,1514,0.5172450542449951,71.53282510164864,47331.530382123296,37,0,0,4,35,0,4,6,0,3,3,2,2,0,0,0,15,0,80,644.2631578947369,0.0,0.0,1.3862943611198906,0.07894736842105263,0,0,0
normal_http,35,24350,695.7142857142857,66,1514,0.5185890197753906,67.49082349479569,46954.33005995071,35,0,0,4,33,0,4,6,0,3,3,2,2,0,0,0,13,0,80,676.3888888888889,0.0,0.0,1.3862943611198906,0.08333333333333333,0,0,0
normal_http,36,24416,678.2222222222222,66,1514,0.5268580913543701,68.32959499104672,46342.64975837213,36,0,0,4,34,0,4,6,0,3,3,2,2,0,0,0,14,0,80,659.8918918918919,0.0,0.0,1.3862943611198906,0.08108108108108109,0,0,0
normal_http,36,24416,678.2222222222222,66,1514,0.519467830657959,69.301692761999,47001.94806880466,36,0,0,4,34,0,4,6,0,3,3,2,2,0,0,0,14,0,80,659.8918918918919,0.0,0.0,1.3862943611198906,0.08108108108108109,0,0,0
normal_http,35,24350,695.7142857142857,66,1514,0.5222368240356445,67.01940267163376,46626.355858693765,35,0,0,4,33,0,4,6,0,3,3,2,2,0,0,0,13,0,80,676.3888888888889,0.0,0.0,1.3862943611198906,0.08333333333333333,0,0,0
normal_http,37,24482,661.6756756756756,66,1514,0.5278110504150391,70.1008437979944,46384.02318547294,37,0,0,4,35,0,4,6,0,3,3,2,2,0,0,0,15,0,80,644.2631578947369,0.0,0.0,1.3862943611198906,0.07894736842105263,0,0,0
normal_http,39,24614,631.1282051282051,66,1514,0.5370328426361084,72.62125684634573,45833.32348758856,39,0,0,4,37,0,4,8,0,3,3,2,2,0,0,0,17,0,80,615.35,0.0,0.0,1.3862943611198906,0.075,0,0,0
normal_http,35,24350,695.7142857142857,66,1514,0.5197749137878418,67.33683960416386,46847.201267468285,35,0,0,4,33,0,4,6,0,3,3,2,2,0,0,0,13,0,80,676.3888888888889,0.0,0.0,1.3862943611198906,0.08333333333333333,0,0,0
normal_http,35,24350,695.7142857142857,66,1514,0.5204691886901855,67.24701627022556,46784.70989085692,35,0,0,4,33,0,4,6,0,3,3,2,2,0,0,0,13,0,80,676.3888888888889,0.0,0.0,1.3862943611198906,0.08333333333333333,0,0,0
normal_http,36,24416,678.2222222222222,66,1514,0.5251259803771973,68.55497793908664,46495.509482242756,36,0,0,4,34,0,4,6,0,3,3,2,2,0,0,0,14,0,80,659.8918918918919,0.0,0.0,1.3862943611198906,0.08108108108108109,0,0,0
normal_http,36,24416,678.2222222222222,66,1514,0.5185880661010742,69.41926039806613,47081.685052199515,36,0,0,4,34,0,4,6,0,3,3,2,2,0,0,0,14,0,80,659.8918918918919,0.0,0.0,1.3862943611198906,0.08108108108108109,0,0,0
normal_http,20,2020,101.0,66,321,0.718235969543457,27.84600165975104,2812.4461676348546,20,0,0,4,18,0,4,4,0,3,3,2,2,0,0,0,12,0,80,96.19047619047619,0.0,0.0,1.3862943611198906,0.14285714285714285,0,0,0
normal_http,20,2020,101.0,66,321,0.7172629833221436,27.88377549802737,2816.2613253007644,20,0,0,4,18,0,4,4,0,3,3,2,2,0,0,0,12,0,80,96.19047619047619,0.0,0.0,1.3862943611198906,0.14285714285714285,0,0,0
normal_http,20,2020,101.0,66,321,0.7241947650909424,27.616880104744276,2789.3048905791716,20,0,0,4,18,0,4,4,0,3,3,2,2,0,0,0,12,0,80,96.19047619047619,0.0,0.0,1.3862943611198906,0.14285714285714285,0,0,0
normal_http,20,2020,101.0,66,321,0.72641921043396,27.532311525809014,2780.7634641067107,20,0,0,4,18,0,4,4,0,3,3,2,2,0,0,0,12,0,80,96.19047619047619,0.0,0.0,1.3862943611198906,0.14285714285714285,0,0,0
normal_http,20,2020,101.0,66,321,0.7563738822937012,26.441949501680398,2670.63689966972,20,0,0,4,18,0,4,4,0,3,3,2,2,0,0,0,12,0,80,96.19047619047619,0.0,0.0,1.3862943611198906,0.14285714285714285,0,0,0
normal_http,20,2020,101.0,66,321,0.7191379070281982,27.81107740885056,2808.918818293907,20,0,0,4,18,0,4,4,0,3,3,2,2,0,0,0,12,0,80,96.19047619047619,0.0,0.0,1.3862943611198906,0.14285714285714285,0,0,0
normal_http,20,2020,101.0,66,321,0.7188260555267334,27.823142812129454,2810.137424025075,20,0,0,4,18,0,4,4,0,3,3,2,2,0,0,0,12,0,80,96.19047619047619,0.0,0.0,1.3862943611198906,0.14285714285714285,0,0,0
normal_http,20,2020,101.0,66,321,0.7220909595489502,27.697341637531206,2797.4315053906516,20,0,0,4,18,0,4,4,0,3,3,2,2,0,0,0,12,0,80,96.19047619047619,0.0,0.0,1.3862943611198906,0.14285714285714285,0,0,0
normal_http,20,2020,101.0,66,321,0.7311129570007324,27.35555403373868,2762.9109574076065,20,0,0,4,18,0,4,4,0,3,3,2,2,0,0,0,12,0,80,96.19047619047619,0.0,0.0,1.3862943611198906,0.14285714285714285,0,0,0
normal_http,20,2020,101.0,66,321,0.7206401824951172,27.75310131993023,2803.0632333129533,20,0,0,4,18,0,4,4,0,3,3,2,2,0,0,0,12,0,80,96.19047619047619,0.0,0.0,1.3862943611198906,0.14285714285714285,0,0,0
normal_http,20,2020,101.0,66,321,0.7206089496612549,27.754304202579824,2803.1847244605624,20,0,0,4,18,0,4,4,0,3,3,2,2,0,0,0,12,0,80,96.19047619047619,0.0,0.0,1.3862943611198906,0.14285714285714285,0,0,0
normal_http,20,2020,101.0,66,321,0.7195858955383301,27.793763224107916,2807.1700856349,20,0,0,4,18,0,4,4,0,3,3,2,2,0,0,0,12,0,80,96.19047619047619,0.0,0.0,1.3862943611198906,0.14285714285714285,0,0,0
normal_http,20,2020,101.0,66,321,0.7223310470581055,27.68813562902436,2796.50169853146,20,0,0,4,18,0,4,4,0,3,3,2,2,0,0,0,12,0,80,96.19047619047619,0.0,0.0,1.3862943611198906,0.14285714285714285,0,0,0
normal_http,20,2020,101.0,66,321,0.7155470848083496,27.950641438720627,2823.0147853107833,20,0,0,4,18,0,4,4,0,3,3,2,2,0,0,0,12,0,80,96.19047619047619,0.0,0.0,1.3862943611198906,0.14285714285714285,0,0,0
normal_http,20,2020,101.0,66,321,0.727107048034668,27.506266173679577,2778.1328835416375,20,0,0,4,18,0,4,4,0,3,3,2,2,0,0,0,12,0,80,96.19047619047619,0.0,0.0,1.3862943611198906,0.14285714285714285,0,0,0
normal_http,20,2020,101.0,66,321,0.7169539928436279,27.89579275606618,2817.4750683626844,20,0,0,4,18,0,4,4,0,3,3,2,2,0,0,0,12,0,80,96.19047619047619,0.0,0.0,1.3862943611198906,0.14285714285714285,0,0,0
normal_http,20,2020,101.0,66,321,0.715817928314209,27.940065774967543,2821.9466432717218,20,0,0,4,18,0,4,4,0,3,3,2,2,0,0,0,12,0,80,96.19047619047619,0.0,0.0,1.3862943611198906,0.14285714285714285,0,0,0
normal_http,20,2020,101.0,66,321,0.7226359844207764,27.676451811392777,2795.321632950671,20,0,0,4,18,0,4,4,0,3,3,2,2,0,0,0,12,0,80,96.19047619047619,0.0,0.0,1.3862943611198906,0.14285714285714285,0,0,0
normal_http,20,2020,101.0,66,321,0.718393087387085,27.83991153470494,2811.831065005199,20,0,0,4,18,0,4,4,0,3,3,2,2,0,0,0,12,0,80,96.19047619047619,0.0,0.0,1.3862943611198906,0.14285714285714285,0,0,0
normal_http,20,2020,101.0,66,321,0.7228879928588867,27.66680342953788,2794.3471463833257,20,0,0,4,18,0,4,4,0,3,3,2,2,0,0,0,12,0,80,96.19047619047619,0.0,0.0,1.3862943611198906,0.14285714285714285,0,0,0
normal_http,20,2020,101.0,66,321,0.7253110408782959,27.57437688495895,2785.012065380854,20,0,0,4,18,0,4,4,0,3,3,2,2,0,0,0,12,0,80,96.19047619047619,0.0,0.0,1.3862943611198906,0.14285714285714285,0,0,0
normal_http,20,2020,101.0,66,321,0.7331769466400146,27.27854454733678,2755.1329992810147,20,0,0,4,18,0,4,4,0,3,3,2,2,0,0,0,12,0,80,96.19047619047619,0.0,0.0,1.3862943611198906,0.14285714285714285,0,0,0
normal_http,20,2020,101.0,66,321,0.7136421203613281,28.02525163435377,2830.5504150697307,20,0,0,4,18,0,4,4,0,3,3,2,2,0,0,0,12,0,80,96.19047619047619,0.0,0.0,1.3862943611198906,0.14285714285714285,0,0,0
normal_http,20,2020,101.0,66,321,0.7134580612182617,28.032481637181448,2831.280645355326,20,0,0,4,18,0,4,4,0,3,3,2,2,0,0,0,12,0,80,96.19047619047619,0.0,0.0,1.3862943611198906,0.14285714285714285,0,0,0
normal_http,20,2020,101.0,66,321,0.7172648906707764,27.88370134957571,2816.2538363071467,20,0,0,4,18,0,4,4,0,3,3,2,2,0,0,0,12,0,80,96.19047619047619,0.0,0.0,1.3862943611198906,0.14285714285714285,0,0,0
normal_http,20,2020,101.0,66,321,0.7531611919403076,26.554740491176442,2682.0287896088207,20,0,0,4,18,0,4,4,0,3,3,2,2,0,0,0,12,0,80,96.19047619047619,0.0,0.0,1.3862943611198906,0.14285714285714285,0,0,0
normal_http,20,2020,101.0,66,321,0.7276270389556885,27.486609113241013,2776.1475204373423,20,0,0,4,18,0,4,4,0,3,3,2,2,0,0,0,12,0,80,96.19047619047619,0.0,0.0,1.3862943611198906,0.14285714285714285,0,0,0
normal_http,20,2020,101.0,66,321,0.7196459770202637,27.791442790816635,2806.93572187248,20,0,0,4,18,0,4,4,0,3,3,2,2,0,0,0,12,0,80,96.19047619047619,0.0,0.0,1.3862943611198906,0.14285714285714285,0,0,0
normal_http,20,2020,101.0,66,321,0.7207028865814209,27.75068668708671,2802.8193553957576,20,0,0,4,18,0,4,4,0,3,3,2,2,0,0,0,12,0,80,96.19047619047619,0.0,0.0,1.3862943611198906,0.14285714285714285,0,0,0
normal_http,20,2020,101.0,66,321,0.7188799381256104,27.821057368978053,2809.9267942667834,20,0,0,4,18,0,4,4,0,3,3,2,2,0,0,0,12,0,80,96.19047619047619,0.0,0.0,1.3862943611198906,0.14285714285714285,0,0,0
normal_http,20,2020,101.0,66,321,0.7220218181610107,27.699993957163223,2797.6993896734853,20,0,0,4,18,0,4,4,0,3,3,2,2,0,0,0,12,0,80,96.19047619047619,0.0,0.0,1.3862943611198906,0.14285714285714285,0,0,0
normal_http,20,2020,101.0,66,321,0.7166259288787842,27.9085631625017,2818.7648794126717,20,0,0,4,18,0,4,4,0,3,3,2,2,0,0,0,12,0,80,96.19047619047619,0.0,0.0,1.3862943611198906,0.14285714285714285,0,0,0
normal_http,20,2020,101.0,66,321,0.7218518257141113,27.706517165367647,2798.358233702132,20,0,0,4,18,0,4,4,0,3,3,2,2,0,0,0,12,0,80,96.19047619047619,0.0,0.0,1.3862943611198906,0.14285714285714285,0,0,0
normal_http,20,2020,101.0,66,321,0.7255141735076904,27.56665649039591,2784.232305529987,20,0,0,4,18,0,4,4,0,3,3,2,2,0,0,0,12,0,80,96.19047619047619,0.0,0.0,1.3862943611198906,0.14285714285714285,0,0,0
normal_http,20,2020,101.0,66,321,0.7169032096862793,27.897768805850525,2817.674649390903,20,0,0,4,18,0,4,4,0,3,3,2,2,0,0,0,12,0,80,96.19047619047619,0.0,0.0,1.3862943611198906,0.14285714285714285,0,0,0
normal_http,20,2020,101.0,66,321,0.7136878967285156,28.023454078005656,2830.3688618785714,20,0,0,4,18,0,4,4,0,3,3,2,2,0,0,0,12,0,80,96.19047619047619,0.0,0.0,1.3862943611198906,0.14285714285714285,0,0,0
normal_http,20,2020,101.0,66,321,0.7164599895477295,27.915027066096382,2819.417733675735,20,0,0,4,18,0,4,4,0,3,3,2,2,0,0,0,12,0,80,96.19047619047619,0.0,0.0,1.3862943611198906,0.14285714285714285,0,0,0
normal_http,20,2020,101.0,66,321,0.7172269821166992,27.885175124024855,2816.4026875265104,20,0,0,4,18,0,4,4,0,3,3,2,2,0,0,0,12,0,80,96.19047619047619,0.0,0.0,1.3862943611198906,0.14285714285714285,0,0,0
normal_http,20,2020,101.0,66,321,0.7192139625549316,27.808136439609864,2808.6217804005964,20,0,0,4,18,0,4,4,0,3,3,2,2,0,0,0,12,0,80,96.19047619047619,0.0,0.0,1.3862943611198906,0.14285714285714285,0,0,0
normal_http,20,2020,101.0,66,321,0.7171590328216553,27.887817185137017,2816.669535698839,20,0,0,4,18,0,4,4,0,3,3,2,2,0,0,0,12,0,80,96.19047619047619,0.0,0.0,1.3862943611198906,0.14285714285714285,0,0,0
normal_http,4,1350,337.5,331,342,0.18442797660827637,21.688683428414823,7319.930657090003,0,4,0,0,0,0,0,0,0,2,2,3,3,0,0,0,0,0,67,270.0,0.0,0.0,1.0986122886681098,0.4,0,0,0
normal_http,20,2020,101.0,66,321,0.7216360569000244,27.714801399912314,2799.194941391144,20,0,0,4,18,0,4,4,0,3,3,2,2,0,0,0,12,0,80,96.19047619047619,0.0,0.0,1.3862943611198906,0.14285714285714285,0,0,0
normal_http,20,2020,101.0,66,321,0.729362964630127,27.42118940758441,2769.5401301660254,20,0,0,4,18,0,4,4,0,3,3,2,2,0,0,0,12,0,80,96.19047619047619,0.0,0.0,1.3862943611198906,0.14285714285714285,0,0,0
normal_http,20,2020,101.0,66,321,0.7198100090026855,27.785109612063454,2806.296070818409,20,0,0,4,18,0,4,4,0,3,3,2,2,0,0,0,12,0,80,96.19047619047619,0.0,0.0,1.3862943611198906,0.14285714285714285,0,0,0
normal_http,20,2020,101.0,66,321,0.7235410213470459,27.641832888431374,2791.8251217315687,20,0,0,4,18,0,4,4,0,3,3,2,2,0,0,0,12,0,80,96.19047619047619,0.0,0.0,1.3862943611198906,0.14285714285714285,0,0,0
normal_http,20,2020,101.0,66,321,0.7349750995635986,27.211806239252553,2748.392430164508,20,0,0,4,18,0,4,4,0,3,3,2,2,0,0,0,12,0,80,96.19047619047619,0.0,0.0,1.3862943611198906,0.14285714285714285,0,0,0
normal_http,20,2020,101.0,66,321,0.7285840511322021,27.450504809871255,2772.5009857969967,20,0,0,4,18,0,4,4,0,3,3,2,2,0,0,0,12,0,80,96.19047619047619,0.0,0.0,1.3862943611198906,0.14285714285714285,0,0,0
normal_http,20,2020,101.0,66,321,0.7243750095367432,27.61000826462874,2788.6108347275026,20,0,0,4,18,0,4,4,0,3,3,2,2,0,0,0,12,0,80,96.19047619047619,0.0,0.0,1.3862943611198906,0.14285714285714285,0,0,0
normal_http,20,2020,101.0,66,321,0.7230269908905029,27.66148463609549,2793.8099482456446,20,0,0,4,18,0,4,4,0,3,3,2,2,0,0,0,12,0,80,96.19047619047619,0.0,0.0,1.3862943611198906,0.14285714285714285,0,0,0
normal_http,20,2020,101.0,66,321,0.7348458766937256,27.21659144361743,2748.8757358053604,20,0,0,4,18,0,4,4,0,3,3,2,2,0,0,0,12,0,80,96.19047619047619,0.0,0.0,1.3862943611198906,0.14285714285714285,0,0,0
normal_http,20,2020,101.0,66,321,0.724632978439331,27.600179118365194,2787.6180909548843,20,0,0,4,18,0,4,4,0,3,3,2,2,0,0,0,12,0,80,96.19047619047619,0.0,0.0,1.3862943611198906,0.14285714285714285,0,0,0
normal_http,20,2020,101.0,66,321,0.720228910446167,27.768949163135385,2804.663865476674,20,0,0,4,18,0,4,4,0,3,3,2,2,0,0,0,12,0,80,96.19047619047619,0.0,0.0,1.3862943611198906,0.14285714285714285,0,0,0
normal_http,20,2020,101.0,66,321,0.7227010726928711,27.67395920069358,2795.0698792700514,20,0,0,4,18,0,4,4,0,3,3,2,2,0,0,0,12,0,80,96.19047619047619,0.0,0.0,1.3862943611198906,0.14285714285714285,0,0,0
normal_http,20,2020,101.0,66,321,0.7167999744415283,27.901786709161588,2818.0804576253204,20,0,0,4,18,0,4,4,0,3,3,2,2,0,0,0,12,0,80,96.19047619047619,0.0,0.0,1.3862943611198906,0.14285714285714285,0,0,0
normal_http,20,2020,101.0,66,321,0.7250630855560303,27.583806703747122,2785.9644770784594,20,0,0,4,18,0,4,4,0,3,3,2,2,0,0,0,12,0,80,96.19047619047619,0.0,0.0,1.3862943611198906,0.14285714285714285,0,0,0
normal_http,20,2020,101.0,66,321,0.7368810176849365,27.141423811993583,2741.283805011352,20,0,0,4,18,0,4,4,0,3,3,2,2,0,0,0,12,0,80,96.19047619047619,0.0,0.0,1.3862943611198906,0.14285714285714285,0,0,0
normal_http,20,2020,101.0,66,321,0.7264859676361084,27.52978156629428,2780.507938195722,20,0,0,4,18,0,4,4,0,3,3,2,2,0,0,0,12,0,80,96.19047619047619,0.0,0.0,1.3862943611198906,0.14285714285714285,0,0,0
normal_http,20,2020,101.0,66,321,0.7185351848602295,27.834405915543897,2811.2749974699336,20,0,0,4,18,0,4,4,0,3,3,2,2,0,0,0,12,0,80,96.19047619047619,0.0,0.0,1.3862943611198906,0.14285714285714285,0,0,0
normal_http,20,2020,101.0,66,321,0.721703052520752,27.712228637726202,2798.9350924103464,20,0,0,4,18,0,4,4,0,3,3,2,2,0,0,0,12,0,80,96.19047619047619,0.0,0.0,1.3862943611198906,0.14285714285714285,0,0,0
normal_http,20,2020,101.0,66,321,0.7471380233764648,26.768815632774295,2703.650378910204,20,0,0,4,18,0,4,4,0,3,3,2,2,0,0,0,12,0,80,96.19047619047619,0.0,0.0,1.3862943611198906,0.14285714285714285,0,0,0
normal_http,20,2020,101.0,66,321,0.7160630226135254,27.93050243957986,2820.980746397566,20,0,0,4,18,0,4,4,0,3,3,2,2,0,0,0,12,0,80,96.19047619047619,0.0,0.0,1.3862943611198906,0.14285714285714285,0,0,0
normal_http,20,2020,101.0,66,321,0.72247314453125,27.682689870744277,2795.951676945172,20,0,0,4,18,0,4,4,0,3,3,2,2,0,0,0,12,0,80,96.19047619047619,0.0,0.0,1.3862943611198906,0.14285714285714285,0,0,0
normal_http,20,2020,101.0,66,321,0.7525639533996582,26.575814466865328,2684.157261153398,20,0,0,4,18,0,4,4,0,3,3,2,2,0,0,0,12,0,80,96.19047619047619,0.0,0.0,1.3862943611198906,0.14285714285714285,0,0,0
normal_http,20,2020,101.0,66,321,0.7271900177001953,27.50312781142379,2777.8159089538026,20,0,0,4,18,0,4,4,0,3,3,2,2,0,0,0,12,0,80,96.19047619047619,0.0,0.0,1.3862943611198906,0.14285714285714285,0,0,0
normal_http,20,2020,101.0,66,321,0.7379159927368164,27.10335620430598,2737.438976634904,20,0,0,4,18,0,4,4,0,3,3,2,2,0,0,0,12,0,80,96.19047619047619,0.0,0.0,1.3862943611198906,0.14285714285714285,0,0,0
normal_http,20,2020,101.0,66,321,0.7228190898895264,27.669440776746423,2794.6135184513887,20,0,0,4,18,0,4,4,0,3,3,2,2,0,0,0,12,0,80,96.19047619047619,0.0,0.0,1.3862943611198906,0.14285714285714285,0,0,0
normal_http,20,2020,101.0,66,321,0.7390990257263184,27.059973432309487,2733.057316663258,20,0,0,4,18,0,4,4,0,3,3,2,2,0,0,0,12,0,80,96.19047619047619,0.0,0.0,1.3862943611198906,0.14285714285714285,0,0,0
normal_http,20,2020,101.0,66,321,0.7307510375976562,27.36910243158873,2764.2793455904616,20,0,0,4,18,0,4,4,0,3,3,2,2,0,0,0,12,0,80,96.19047619047619,0.0,0.0,1.3862943611198906,0.14285714285714285,0,0,0
normal_http,20,2020,101.0,66,321,0.7255239486694336,27.56628507808567,2784.1947928866525,20,0,0,4,18,0,4,4,0,3,3,2,2,0,0,0,12,0,80,96.19047619047619,0.0,0.0,1.3862943611198906,0.14285714285714285,0,0,0
normal_http,20,2020,101.0,66,321,0.7166469097137451,27.907746100501193,2818.6823561506203,20,0,0,4,18,0,4,4,0,3,3,2,2,0,0,0,12,0,80,96.19047619047619,0.0,0.0,1.3862943611198906,0.14285714285714285,0,0,0
normal_http,20,2020,101.0,66,321,0.7295811176300049,27.412990162037982,2768.7120063658363,20,0,0,4,18,0,4,4,0,3,3,2,2,0,0,0,12,0,80,96.19047619047619,0.0,0.0,1.3862943611198906,0.14285714285714285,0,0,0
normal_http,20,2020,101.0,66,321,0.7407569885253906,26.99940778123954,2726.9401859051936,20,0,0,4,18,0,4,4,0,3,3,2,2,0,0,0,12,0,80,96.19047619047619,0.0,0.0,1.3862943611198906,0.14285714285714285,0,0,0
normal_http,20,2020,101.0,66,321,0.7439870834350586,26.882187131069685,2715.1009002380383,20,0,0,4,18,0,4,4,0,3,3,2,2,0,0,0,12,0,80,96.19047619047619,0.0,0.0,1.3862943611198906,0.14285714285714285,0,0,0
normal_http,20,2020,101.0,66,321,0.7149767875671387,27.97293611175025,2825.266547286775,20,0,0,4,18,0,4,4,0,3,3,2,2,0,0,0,12,0,80,96.19047619047619,0.0,0.0,1.3862943611198906,0.14285714285714285,0,0,0
normal_http,20,2020,101.0,66,321,0.735407829284668,27.195794229514828,2746.775217180998,20,0,0,4,18,0,4,4,0,3,3,2,2,0,0,0,12,0,80,96.19047619047619,0.0,0.0,1.3862943611198906,0.14285714285714285,0,0,0
normal_http,20,2020,101.0,66,321,0.7157938480377197,27.941005716699138,2822.041577386613,20,0,0,4,18,0,4,4,0,3,3,2,2,0,0,0,12,0,80,96.19047619047619,0.0,0.0,1.3862943611198906,0.14285714285714285,0,0,0
normal_http,20,2020,101.0,66,321,0.7178058624267578,27.86268690030478,2814.1313769307826,20,0,0,4,18,0,4,4,0,3,3,2,2,0,0,0,12,0,80,96.19047619047619,0.0,0.0,1.3862943611198906,0.14285714285714285,0,0,0
normal_http,20,2020,101.0,66,321,0.7162988185882568,27.9213080923653,2820.0521173288953,20,0,0,4,18,0,4,4,0,3,3,2,2,0,0,0,12,0,80,96.19047619047619,0.0,0.0,1.3862943611198906,0.14285714285714285,0,0,0
normal_http,20,2020,101.0,66,321,0.7275259494781494,27.490428368013397,2776.533265169353,20,0,0,4,18,0,4,4,0,3,3,2,2,0,0,0,12,0,80,96.19047619047619,0.0,0.0,1.3862943611198906,0.14285714285714285,0,0,0
normal_http,20,2020,101.0,66,321,0.7139039039611816,28.014974969358754,2829.512471905234,20,0,0,4,18,0,4,4,0,3,3,2,2,0,0,0,12,0,80,96.19047619047619,0.0,0.0,1.3862943611198906,0.14285714285714285,0,0,0
normal_http,20,2020,101.0,66,321,0.717695951461792,27.866953908914088,2814.562344800323,20,0,0,4,18,0,4,4,0,3,3,2,2,0,0,0,12,0,80,96.19047619047619,0.0,0.0,1.3862943611198906,0.14285714285714285,0,0,0
normal_http,18,12218,678.7777777777778,66,1514,0.0028879642486572266,6232.764137703294,4230661.7908032695,18,0,0,2,17,0,2,3,0,2,2,2,2,0,0,0,7,0,34728,643.0526315789474,0.0,0.0,1.0986122886681098,0.10526315789473684,0,0,0
normal_http,18,12218,678.7777777777778,66,1514,0.0066869258880615234,2691.819873783292,1827147.5121046815,18,0,0,2,17,0,2,3,0,2,2,2,2,0,0,0,7,0,34730,643.0526315789474,0.0,0.0,1.0986122886681098,0.10526315789473684,0,0,0
normal_http,18,12218,678.7777777777778,66,1514,0.0042989253997802734,4187.092895568742,2842105.6110032722,18,0,0,2,17,0,2,3,0,2,2,2,2,0,0,0,7,0,34746,643.0526315789474,0.0,0.0,1.0986122886681098,0.10526315789473684,0,0,0
normal_http,18,12218,678.7777777777778,66,1514,0.0021619796752929688,8325.702690780767,5651301.970886635,18,0,0,2,17,0,2,3,0,2,2,2,2,0,0,0,7,0,34758,643.0526315789474,0.0,0.0,1.0986122886681098,0.10526315789473684,0,0,0
normal_http,18,12218,678.7777777777778,66,1514,0.0032820701599121094,5484.343454888856,3722650.4628795586,18,0,0,2,17,0,2,3,0,2,2,2,2,0,0,0,7,0,34768,643.0526315789474,0.0,0.0,1.0986122886681098,0.10526315789473684,0,0,0
normal_http,19,12284,646.5263157894736,66,1514,0.026340007781982422,721.3361574250077,466362.80830572604,19,0,0,2,18,0,2,3,0,2,2,2,2,0,0,0,8,0,34774,614.2,0.0,0.0,1.0986122886681098,0.1,0,0,0
normal_http,17,12152,714.8235294117648,66,1514,0.002257108688354492,7531.759585930073,5383878.969895426,17,0,0,2,16,0,2,3,0,2,2,2,2,0,0,0,6,0,34790,675.1111111111111,0.0,0.0,1.0986122886681098,0.1111111111111111,0,0,0
normal_http,18,12218,678.7777777777778,66,1514,0.007902860641479492,2277.6562584849307,1546022.4536760491,18,0,0,2,17,0,2,3,0,2,2,2,2,0,0,0,7,0,48522,643.0526315789474,0.0,0.0,1.0986122886681098,0.10526315789473684,0,0,0
normal_http,17,12152,714.8235294117648,66,1514,0.001798868179321289,9450.38674618953,6755358.8082173625,17,0,0,2,16,0,2,3,0,2,2,2,2,0,0,0,6,0,48534,675.1111111111111,0.0,0.0,1.0986122886681098,0.1111111111111111,0,0,0
normal_http,18,12218,678.7777777777778,66,1514,0.002955913543701172,6089.48798193257,4133409.1201806744,18,0,0,2,17,0,2,3,0,2,2,2,2,0,0,0,7,0,48546,643.0526315789474,0.0,0.0,1.0986122886681098,0.10526315789473684,0,0,0
normal_http,18,12218,678.7777777777778,66,1514,0.004709005355834961,3822.463267682649,2594603.1224748115,18,0,0,2,17,0,2,3,0,2,2,2,2,0,0,0,7,0,48560,643.0526315789474,0.0,0.0,1.0986122886681098,0.10526315789473684,0,0,0
normal_http,18,12218,678.7777777777778,66,1514,0.0063550472259521484,2832.3943725379854,1922566.3579816169,18,0,0,2,17,0,2,3,0,2,2,2,2,0,0,0,7,0,48564,643.0526315789474,0.0,0.0,1.0986122886681098,0.10526315789473684,0,0,0
normal_http,18,12218,678.7777777777778,66,1514,0.0022020339965820312,8174.260718925942,5548506.525768731,18,0,0,2,17,0,2,3,0,2,2,2,2,0,0,0,7,0,48576,643.0526315789474,0.0,0.0,1.0986122886681098,0.10526315789473684,0,0,0
normal_http,19,12284,646.5263157894736,66,1514,0.002743959426879883,6924.300634286211,4476742.57850378,19,0,0,2,18,0,2,3,0,2,2,2,2,0,0,0,8,0,48592,614.2,0.0,0.0,1.0986122886681098,0.1,0,0,0
normal_http,18,12218,678.7777777777778,66,1514,0.006476163864135742,2779.423185951478,1886610.6936641755,18,0,0,2,17,0,2,3,0,2,2,2,2,0,0,0,7,0,48608,643.0526315789474,0.0,0.0,1.0986122886681098,0.10526315789473684,0,0,0
normal_http,19,12284,646.5263157894736,66,1514,0.0034470558166503906,5511.950200580994,3563620.85599668,19,0,0,2,18,0,2,3,0,2,2,2,2,0,0,0,8,0,48614,614.2,0.0,0.0,1.0986122886681098,0.1,0,0,0
normal_http,20,12350,617.5,66,1514,0.014005899429321289,1427.9696995488978,881771.2894714443,20,0,0,2,19,0,2,4,0,2,2,2,2,0,0,0,9,0,48626,588.0952380952381,0.0,0.0,1.0986122886681098,0.09523809523809523,0,0,0
normal_http,18,12218,678.7777777777778,66,1514,0.0016968250274658203,10608.04721090347,7200506.712378811,18,0,0,2,17,0,2,3,0,2,2,2,2,0,0,0,7,0,42788,643.0526315789474,0.0,0.0,1.0986122886681098,0.10526315789473684,0,0,0
normal_http,20,12350,617.5,66,1514,0.0029370784759521484,6809.487783099277,4204858.706063804,20,0,0,2,19,0,2,3,0,2,2,2,2,0,0,0,9,0,42790,588.0952380952381,0.0,0.0,1.0986122886681098,0.09523809523809523,0,0,0
normal_http,19,12284,646.5263157894736,66,1514,0.017026901245117188,1115.881259101602,721446.5993054778,19,0,0,2,18,0,2,3,0,2,2,2,2,0,0,0,8,0,42800,614.2,0.0,0.0,1.0986122886681098,0.1,0,0,0
normal_http,18,12218,678.7777777777778,66,1514,0.0017042160034179688,10562.041410184667,7169278.997202015,18,0,0,2,17,0,2,3,0,2,2,2,2,0,0,0,7,0,42808,643.0526315789474,0.0,0.0,1.0986122886681098,0.10526315789473684,0,0,0
normal_http,19,12284,646.5263157894736,66,1514,0.008819103240966797,2154.414057853474,1392885.3835090564,19,0,0,2,18,0,2,3,0,2,2,2,2,0,0,0,8,0,42824,614.2,0.0,0.0,1.0986122886681098,0.1,0,0,0
normal_http,18,12218,678.7777777777778,66,1514,0.0021979808807373047,8189.334201106411,5558738.0705065625,18,0,0,2,17,0,2,3,0,2,2,2,2,0,0,0,7,0,42836,643.0526315789474,0.0,0.0,1.0986122886681098,0.10526315789473684,0,0,0
normal_http,18,12218,678.7777777777778,66,1514,0.0039310455322265625,4578.934497816594,3108078.9830179526,18,0,0,2,17,0,2,3,0,2,2,2,2,0,0,0,7,0,42850,643.0526315789474,0.0,0.0,1.0986122886681098,0.10526315789473684,0,0,0
normal_http,18,12218,678.7777777777778,66,1514,0.001825094223022461,9862.504506858262,6694448.89248857,18,0,0,2,17,0,2,3,0,2,2,2,2,0,0,0,7,0,42862,643.0526315789474,0.0,0.0,1.0986122886681098,0.10526315789473684,0,0,0
normal_http,20,12350,617.5,66,1514,0.0034911632537841797,5728.749573174896,3537502.861435498,20,0,0,2,19,0,2,3,0,2,2,2,2,0,0,0,9,0,42870,588.0952380952381,0.0,0.0,1.0986122886681098,0.09523809523809523,0,0,0
normal_http,18,12218,678.7777777777778,66,1514,0.0014910697937011719,12071.869523504956,8194116.768787975,18,0,0,2,17,0,2,3,0,2,2,2,2,0,0,0,7,0,42880,643.0526315789474,0.0,0.0,1.0986122886681098,0.10526315789473684,0,0,0
normal_http,18,12218,678.7777777777778,66,1514,0.0019941329956054688,9026.479196556671,6126973.490196078,18,0,0,2,17,0,2,3,0,2,2,2,2,0,0,0,7,0,39728,643.0526315789474,0.0,0.0,1.0986122886681098,0.10526315789473684,0,0,0
normal_http,18,12218,678.7777777777778,66,1514,0.004572868347167969,3936.2602711157456,2671845.999582899,18,0,0,2,17,0,2,3,0,2,2,2,2,0,0,0,7,0,39734,643.0526315789474,0.0,0.0,1.0986122886681098,0.10526315789473684,0,0,0
normal_http,18,12218,678.7777777777778,66,1514,0.002744913101196289,6557.584643446538,4451142.731868323,18,0,0,2,17,0,2,3,0,2,2,2,2,0,0,0,7,0,39736,643.0526315789474,0.0,0.0,1.0986122886681098,0.10526315789473684,0,0,0
normal_http,18,12218,678.7777777777778,66,1514,0.0017120838165283203,10513.503968806574,7136332.860604373,18,0,0,2,17,0,2,3,0,2,2,2,2,0,0,0,7,0,39746,643.0526315789474,0.0,0.0,1.0986122886681098,0.10526315789473684,0,0,0
normal_http,18,12218,678.7777777777778,66,1514,0.0030770301818847656,5849.796373779637,3970711.783046645,18,0,0,2,17,0,2,3,0,2,2,2,2,0,0,0,7,0,39760,643.0526315789474,0.0,0.0,1.0986122886681098,0.10526315789473684,0,0,0
normal_http,18,12218,678.7777777777778,66,1514,0.0014729499816894531,12220.374231142765,8294918.4642279055,18,0,0,2,17,0,2,3,0,2,2,2,2,0,0,0,7,0,39772,643.0526315789474,0.0,0.0,1.0986122886681098,0.10526315789473684,0,0,0
normal_http,18,12218,678.7777777777778,66,1514,0.005767822265625,3120.7619047619046,2118303.8306878307,18,0,0,2,17,0,2,3,0,2,2,2,2,0,0,0,7,0,39774,643.0526315789474,0.0,0.0,1.0986122886681098,0.10526315789473684,0,0,0
normal_http,17,12152,714.8235294117648,66,1514,0.007349967956542969,2312.9352536654987,1653340.5413260672,17,0,0,2,16,0,2,3,0,2,2,2,2,0,0,0,6,0,39784,675.1111111111111,0.0,0.0,1.0986122886681098,0.1111111111111111,0,0,0
normal_http,18,12218,678.7777777777778,66,1514,0.0059549808502197266,3022.6797453657364,2051727.840493254,18,0,0,2,17,0,2,3,0,2,2,2,2,0,0,0,7,0,39800,643.0526315789474,0.0,0.0,1.0986122886681098,0.10526315789473684,0,0,0
normal_http,18,12218,678.7777777777778,66,1514,0.004374980926513672,4114.303651226158,2792697.8894822886,18,0,0,2,17,0,2,3,0,2,2,2,2,0,0,0,7,0,39810,643.0526315789474,0.0,0.0,1.0986122886681098,0.10526315789473684,0,0,0
normal_http,19,12284,646.5263157894736,66,1514,0.0014019012451171875,13553.0231292517,8762386.111564625,19,0,0,2,18,0,2,3,0,2,2,2,2,0,0,0,8,0,47474,614.2,0.0,0.0,1.0986122886681098,0.1,0,0,0
normal_http,18,12218,678.7777777777778,66,1514,0.006170034408569336,2917.325708103095,1980215.8612002009,18,0,0,2,17,0,2,3,0,2,2,2,2,0,0,0,7,0,47490,643.0526315789474,0.0,0.0,1.0986122886681098,0.10526315789473684,0,0,0
normal_http,18,12218,678.7777777777778,66,1514,0.02637195587158203,682.5432321990381,463295.17838932486,18,0,0,2,17,0,2,5,0,2,2,2,2,0,0,0,7,0,47498,643.0526315789474,0.0,0.0,1.0986122886681098,0.10526315789473684,0,0,0
normal_http,18,12218,678.7777777777778,66,1514,0.011739015579223633,1533.3483356012755,1040802.775798688,18,0,0,2,17,0,2,3,0,2,2,2,2,0,0,0,7,0,47502,643.0526315789474,0.0,0.0,1.0986122886681098,0.10526315789473684,0,0,0
normal_http,18,12218,678.7777777777778,66,1514,0.0015571117401123047,11559.864033073036,7846578.819782576,18,0,0,2,17,0,2,3,0,2,2,2,2,0,0,0,7,0,47516,643.0526315789474,0.0,0.0,1.0986122886681098,0.10526315789473684,0,0,0
normal_http,18,12218,678.7777777777778,66,1514,0.001909017562866211,9428.933683027351,6400150.652179343,18,0,0,2,17,0,2,3,0,2,2,2,2,0,0,0,7,0,47522,643.0526315789474,0.0,0.0,1.0986122886681098,0.10526315789473684,0,0,0
normal_http,18,12218,678.7777777777778,66,1514,0.0017919540405273438,10044.90047897818,6818255.225119744,18,0,0,2,17,0,2,3,0,2,2,2,2,0,0,0,7,0,47536,643.0526315789474,0.0,0.0,1.0986122886681098,0.10526315789473684,0,0,0
normal_http,18,12218,678.7777777777778,66,1514,0.002290010452270508,7860.2261322228005,5335346.82686101,18,0,0,2,17,0,2,3,0,2,2,2,2,0,0,0,7,0,47546,643.0526315789474,0.0,0.0,1.0986122886681098,0.10526315789473684,0,0,0
normal_http,18,12218,678.7777777777778,66,1514,0.0014040470123291016,12820.08354559348,8701987.820003396,18,0,0,2,17,0,2,3,0,2,2,2,2,0,0,0,7,0,47548,643.0526315789474,0.0,0.0,1.0986122886681098,0.10526315789473684,0,0,0
normal_http,17,12152,714.8235294117648,66,1514,0.0020380020141601562,8341.503041647169,5962702.6448292,17,0,0,2,16,0,2,3,0,2,2,2,2,0,0,0,6,0,47560,675.1111111111111,0.0,0.0,1.0986122886681098,0.1111111111111111,0,0,0
normal_http,18,12218,678.7777777777778,66,1514,0.0055789947509765625,3226.3876923076923,2190000.268034188,18,0,0,2,17,0,2,3,0,2,2,2,2,0,0,0,7,0,44652,643.0526315789474,0.0,0.0,1.0986122886681098,0.10526315789473684,0,0,0
normal_http,18,12218,678.7777777777778,66,1514,0.0072247982025146484,2491.4190674190672,1691119.898095898,18,0,0,2,17,0,2,3,0,2,2,2,2,0,0,0,7,0,44660,643.0526315789474,0.0,0.0,1.0986122886681098,0.10526315789473684,0,0,0
normal_http,19,12284,646.5263157894736,66,1514,0.0017580986022949219,10807.129915920803,6987093.888798481,19,0,0,2,18,0,2,3,0,2,2,2,2,0,0,0,8,0,44668,614.2,0.0,0.0,1.0986122886681098,0.1,0,0,0
normal_ssh,46,11574,251.6086956521739,66,1514,0.3373129367828369,136.37188196435804,34312.35134468434,46,0,0,2,45,0,2,25,0,2,2,2,2,0,0,23,0,0,22,246.25531914893617,0.0,0.0,1.0986122886681098,0.0425531914893617,0,46,0
normal_ssh,47,11640,247.6595744680851,66,1514,0.3666079044342041,128.2023639739475,31750.542907590407,47,0,0,2,46,0,2,25,0,2,2,2,2,0,0,24,0,0,22,242.5,0.0,0.0,1.0986122886681098,0.041666666666666664,0,48,0
normal_ssh,48,11727,244.3125,66,1514,0.8677229881286621,55.31719299441076,13514.681713446978,47,1,0,2,46,0,2,25,0,3,3,2,3,0,0,24,0,0,22,239.3265306122449,0.0,0.0,1.3862943611198906,0.061224489795918366,0,72,0
normal_ssh,46,11574,251.6086956521739,66,1514,0.4024670124053955,114.29508153991335,28757.63638571646,46,0,0,2,45,0,2,25,0,2,2,2,2,0,0,24,0,0,22,246.25531914893617,0.0,0.0,1.0986122886681098,0.0425531914893617,0,48,0
normal_ssh,46,11574,251.6086956521739,66,1514,0.34107494354248047,134.8677200448492,33933.89112606706,46,0,0,2,45,0,2,25,0,2,2,2,2,0,0,24,0,0,22,246.25531914893617,0.0,0.0,1.0986122886681098,0.0425531914893617,0,48,0
normal_ssh,44,11730,266.59090909090907,66,1514,0.8898069858551025,49.44892622720432,13182.634196479696,44,0,0,2,43,0,0,25,0,2,2,2,2,0,0,22,0,0,22,260.6666666666667,0.0,0.0,1.0986122886681098,0.044444444444444446,0,44,0
normal_ssh,4,352,88.0,66,110,0.5065879821777344,7.895963072011084,694.8447503369754,4,0,0,0,4,0,0,2,0,2,2,2,2,0,0,2,0,0,55982,70.4,0.0,0.0,1.0986122886681098,0.4,0,4,0
normal_ssh,4,352,88.0,66,110,0.5080139636993408,7.873799316208029,692.8943398263065,4,0,0,0,4,0,0,2,0,2,2,2,2,0,0,2,0,0,55982,70.4,0.0,0.0,1.0986122886681098,0.4,0,4,0
normal_ssh,4,352,88.0,66,110,0.5067801475524902,7.892969010956958,694.5812729642123,4,0,0,0,4,0,0,2,0,2,2,2,2,0,0,2,0,0,55982,70.4,0.0,0.0,1.0986122886681098,0.4,0,4,0
normal_ssh,4,352,88.0,66,110,0.5073599815368652,7.883948568200893,693.7874740016786,4,0,0,0,4,0,0,2,0,2,2,2,2,0,0,2,0,0,55982,70.4,0.0,0.0,1.0986122886681098,0.4,0,4,0
normal_ssh,4,352,88.0,66,110,0.5060741901397705,7.903979451896681,695.5501917669079,4,0,0,0,4,0,0,2,0,2,2,2,2,0,0,2,0,0,55982,70.4,0.0,0.0,1.0986122886681098,0.4,0,4,0
normal_ssh,4,352,88.0,66,110,0.5029690265655518,7.952775993610178,699.8442874376957,4,0,0,0,4,0,0,2,0,2,2,2,2,0,0,2,0,0,55982,70.4,0.0,0.0,1.0986122886681098,0.4,0,4,0
normal_ssh,4,352,88.0,66,110,0.5061690807342529,7.902497707283044,695.4197982409079,4,0,0,0,4,0,0,2,0,2,2,2,2,0,0,2,0,0,55982,70.4,0.0,0.0,1.0986122886681098,0.4,0,4,0
normal_ssh,4,352,88.0,66,110,0.5076839923858643,7.878916924683746,693.3446893721697,4,0,0,0,4,0,0,2,0,2,2,2,2,0,0,2,0,0,55982,70.4,0.0,0.0,1.0986122886681098,0.4,0,4,0
normal_ssh,4,352,88.0,66,110,0.5016429424285889,7.973799014563866,701.6943132816202,4,0,0,0,4,0,0,2,0,2,2,2,2,0,0,2,0,0,55982,70.4,0.0,0.0,1.0986122886681098,0.4,0,4,0
normal_ssh,4,352,88.0,66,110,0.5067689418792725,7.893143540262417,694.5966315430927,4,0,0,0,4,0,0,2,0,2,2,2,2,0,0,2,0,0,55982,70.4,0.0,0.0,1.0986122886681098,0.4,0,4,0
normal_ssh,4,352,88.0,66,110,0.5067031383514404,7.894168591522853,694.6868360540111,4,0,0,0,4,0,0,2,0,2,2,2,2,0,0,2,0,0,55982,70.4,0.0,0.0,1.0986122886681098,0.4,0,4,0
normal_ssh,5,439,87.8,66,110,0.5074591636657715,9.853009577915824,865.0942409410093,4,1,0,0,4,0,0,2,0,3,3,2,3,0,0,2,0,0,55982,73.16666666666667,0.0,0.0,1.3862943611198906,0.5,0,6,0
normal_ssh,4,352,88.0,66,110,0.5019960403442383,7.968190341216723,701.2007500270716,4,0,0,0,4,0,0,2,0,2,2,2,2,0,0,2,0,0,55982,70.4,0.0,0.0,1.0986122886681098,0.4,0,4,0
normal_ssh,4,352,88.0,66,110,0.5061080455780029,7.9034507254904085,695.503663843156,4,0,0,0,4,0,0,2,0,2,2,2,2,0,0,2,0,0,55982,70.4,0.0,0.0,1.0986122886681098,0.4,0,4,0
normal_ssh,66,21894,331.72727272727275,66,1514,0.39791107177734375,165.8662064998562,55022.34431981594,66,0,0,2,65,0,2,30,0,3,3,2,2,0,0,32,0,0,22,326.7761194029851,0.0,0.0,1.3862943611198906,0.04477611940298507,0,96,0
normal_ssh,4,344,86.0,66,118,0.04308795928955078,92.83335915539718,7983.668887364158,4,0,0,0,4,0,0,2,0,2,2,2,2,0,0,2,0,0,22,68.8,0.0,0.0,1.0986122886681098,0.4,0,4,0
normal_ssh,3,278,92.66666666666667,66,118,0.0011789798736572266,2544.572699696663,235797.0701718908,3,0,0,0,3,0,0,2,0,2,2,2,2,0,0,2,0,0,22,69.5,0.0,0.0,1.0986122886681098,0.5,0,4,0
normal_ssh,3,278,92.66666666666667,66,118,0.0009708404541015625,3090.106090373281,286349.83104125736,3,0,0,0,3,0,0,2,0,2,2,2,2,0,0,2,0,0,22,69.5,0.0,0.0,1.0986122886681098,0.5,0,4,0
normal_ssh,3,278,92.66666666666667,66,118,0.0013089179992675781,2291.969398907104,212389.16429872497,3,0,0,0,3,0,0,2,0,2,2,2,2,0,0,2,0,0,22,69.5,0.0,0.0,1.0986122886681098,0.5,0,4,0
normal_ssh,3,278,92.66666666666667,66,118,0.0010538101196289062,2846.812669683258,263804.6407239819,3,0,0,0,3,0,0,2,0,2,2,2,2,0,0,2,0,0,22,69.5,0.0,0.0,1.0986122886681098,0.5,0,4,0
normal_ssh,3,278,92.66666666666667,66,118,0.0011179447174072266,2683.495841330774,248670.61462998507,3,0,0,0,3,0,0,2,0,2,2,2,2,0,0,2,0,0,22,69.5,0.0,0.0,1.0986122886681098,0.5,0,4,0
normal_ssh,3,278,92.66666666666667,66,118,0.0007841587066650391,3825.7561568865917,354520.0705381575,3,0,0,0,3,0,0,2,0,2,2,2,2,0,0,2,0,0,22,69.5,0.0,0.0,1.0986122886681098,0.5,0,4,0
normal_ssh,3,278,92.66666666666667,66,118,0.0004868507385253906,6162.052889324192,571016.9010773752,3,0,0,0,3,0,0,2,0,2,2,2,2,0,0,2,0,0,22,69.5,0.0,0.0,1.0986122886681098,0.5,0,4,0
normal_ssh,3,278,92.66666666666667,66,118,0.0003399848937988281,8823.921458625526,817683.3884992987,3,0,0,0,3,0,0,2,0,2,2,2,2,0,0,2,0,0,22,69.5,0.0,0.0,1.0986122886681098,0.5,0,4,0
normal_ssh,3,278,92.66666666666667,66,118,0.0009210109710693359,3257.290188972301,301842.22417809995,3,0,0,0,3,0,0,2,0,2,2,2,2,0,0,2,0,0,22,69.5,0.0,0.0,1.0986122886681098,0.5,0,4,0
normal_ssh,3,278,92.66666666666667,66,118,0.0018808841705322266,1594.994549372544,147802.82824185575,3,0,0,0,3,0,0,2,0,2,2,2,2,0,0,2,0,0,22,69.5,0.0,0.0,1.0986122886681098,0.5,0,4,0
normal_ssh,11,1026,93.27272727272727,66,190,0.7678141593933105,14.326383364291779,1336.260848342124,11,0,0,0,11,0,2,5,0,2,2,2,2,0,0,7,0,0,22,85.5,0.0,0.0,1.0986122886681098,0.16666666666666666,0,14,0
normal_ssh,166,139736,841.7831325301205,66,1514,0.9747889041900635,170.29328020298584,143350.01085809898,166,0,0,4,164,0,2,54,0,3,3,2,2,0,0,50,0,0,44198,836.7425149700599,0.0,0.0,1.3862943611198906,0.017964071856287425,0,150,0
normal_ssh,2718,3748116,1378.9977924944812,66,1514,0.9929380416870117,2737.3309168234614,3774773.2916264473,2718,0,0,4,2716,0,4,232,0,4,4,2,2,0,0,2551,0,0,22,1378.4906215520411,0.0,0.0,1.6094379124341003,0.001471129091577786,0,10204,0
normal_ssh,83,21428,258.1686746987952,66,1514,0.5654020309448242,146.7981992588557,37898.696550828434,83,0,0,2,82,0,2,54,0,3,3,2,2,0,0,41,0,0,22,255.0952380952381,0.0,0.0,1.3862943611198906,0.03571428571428571,0,123,0
normal_ssh,3,1722,574.0,66,1514,0.00021004676818847656,14282.533484676504,8198174.220204313,3,0,0,0,3,0,0,1,0,2,2,2,2,0,0,1,0,0,44230,430.5,0.0,0.0,1.0986122886681098,0.5,0,2,0
normal_ssh,4,1240,310.0,66,862,0.0034971237182617188,1143.797109353695,354577.1038996455,4,0,0,0,4,0,0,2,0,2,2,2,2,0,0,2,0,0,44230,248.0,0.0,0.0,1.0986122886681098,0.4,0,4,0
normal_ssh,4,1796,449.0,66,1514,0.00017714500427246094,22580.371467025572,10138586.788694482,4,0,0,0,4,0,0,1,0,2,2,2,2,0,0,2,0,0,44230,359.2,0.0,0.0,1.0986122886681098,0.4,0,4,0
normal_ssh,4,1240,310.0,66,862,0.0077838897705078125,513.8818916932124,159303.38642489587,4,0,0,0,4,0,0,2,0,2,2,2,2,0,0,2,0,0,44230,248.0,0.0,0.0,1.0986122886681098,0.4,0,4,0
normal_ssh,3,1722,574.0,66,1514,0.00041222572326660156,7277.566223250434,4177323.012145749,3,0,0,0,3,0,0,1,0,2,2,2,2,0,0,1,0,0,44230,430.5,0.0,0.0,1.0986122886681098,0.5,0,2,0
normal_ssh,4,1240,310.0,66,862,0.01576685905456543,253.69669292767387,78645.9748075789,4,0,0,0,4,0,0,2,0,2,2,2,2,0,0,2,0,0,44230,248.0,0.0,0.0,1.0986122886681098,0.4,0,4,0
normal_ssh,3,1722,574.0,66,1514,0.0003581047058105469,8377.438082556591,4808649.459387483,3,0,0,0,3,0,0,1,0,2,2,2,2,0,0,1,0,0,44230,430.5,0.0,0.0,1.0986122886681098,0.5,0,2,0
normal_ssh,4,1240,310.0,66,862,0.006304025650024414,634.515184750955,196699.70727279605,4,0,0,0,4,0,0,2,0,2,2,2,2,0,0,2,0,0,44230,248.0,0.0,0.0,1.0986122886681098,0.4,0,4,0
normal_ssh,3,1722,574.0,66,1514,0.00043392181396484375,6913.687912087912,3968456.8615384614,3,0,0,0,3,0,0,1,0,2,2,2,2,0,0,1,0,0,44230,430.5,0.0,0.0,1.0986122886681098,0.5,0,2,0
normal_ssh,4,1240,310.0,66,862,0.002601146697998047,1537.7833180568286,476712.82859761687,4,0,0,0,4,0,0,2,0,2,2,2,2,0,0,2,0,0,44230,248.0,0.0,0.0,1.0986122886681098,0.4,0,4,0
normal_ssh,3,1722,574.0,66,1514,0.0004379749298095703,6849.707131192161,3931731.8933043005,3,0,0,0,3,0,0,1,0,2,2,2,2,0,0,1,0,0,44230,430.5,0.0,0.0,1.0986122886681098,0.5,0,2,0
normal_ssh,4,1240,310.0,66,862,0.0012938976287841797,3091.434678459554,958344.7503224617,4,0,0,0,4,0,0,2,0,2,2,2,2,0,0,2,0,0,44230,248.0,0.0,0.0,1.0986122886681098,0.4,0,4,0
normal_ssh,4,1796,449.0,66,1514,0.00032591819763183594,12273.018288222385,5510585.2114118505,4,0,0,0,4,0,0,1,0,2,2,2,2,0,0,2,0,0,44230,359.2,0.0,0.0,1.0986122886681098,0.4,0,4,0
normal_ssh,4,1240,310.0,66,862,0.004395008087158203,910.123467505696,282138.27492676576,4,0,0,0,4,0,0,2,0,2,2,2,2,0,0,2,0,0,44230,248.0,0.0,0.0,1.0986122886681098,0.4,0,4,0
normal_ssh,3,1722,574.0,66,1514,0.00047898292541503906,6263.271279243405,3595117.714285714,3,0,0,0,3,0,0,1,0,2,2,2,2,0,0,1,0,0,44230,430.5,0.0,0.0,1.0986122886681098,0.5,0,2,0
normal_ssh,4,1240,310.0,66,862,0.008847951889038086,452.08202419767724,140145.42750127995,4,0,0,0,4,0,0,2,0,2,2,2,2,0,0,2,0,0,44230,248.0,0.0,0.0,1.0986122886681098,0.4,0,4,0
normal_ssh,3,1722,574.0,66,1514,0.0004391670227050781,6831.114006514658,3921059.4397394136,3,0,0,0,3,0,0,1,0,2,2,2,2,0,0,1,0,0,44230,430.5,0.0,0.0,1.0986122886681098,0.5,0,2,0
normal_ssh,4,1240,310.0,66,862,0.006348848342895508,630.0355251793158,195311.0128055879,4,0,0,0,4,0,0,2,0,2,2,2,2,0,0,2,0,0,44230,248.0,0.0,0.0,1.0986122886681098,0.4,0,4,0
normal_ssh,3,1722,574.0,66,1514,0.00016117095947265625,18613.775147928995,10684306.934911242,3,0,0,0,3,0,0,1,0,2,2,2,2,0,0,1,0,0,44230,430.5,0.0,0.0,1.0986122886681098,0.5,0,2,0
normal_ssh,59,12796,216.88135593220338,66,1514,0.3648231029510498,161.7222141984696,35074.53309972232,59,0,0,2,58,0,4,30,0,3,3,2,2,0,0,30,0,0,22,213.26666666666668,0.0,0.0,1.3862943611198906,0.05,0,90,0
normal_ssh,48,11850,246.875,66,1514,0.3638491630554199,131.922798988791,32568.441000357776,48,0,0,2,47,0,2,26,0,2,2,2,2,0,0,24,0,0,22,241.83673469387756,0.0,0.0,1.0986122886681098,0.04081632653061224,0,48,0
normal_ssh,47,11784,250.72340425531914,66,1514,0.33675098419189453,139.56900560450174,34993.21621369039,47,0,0,2,46,0,2,26,0,2,2,2,2,0,0,24,0,0,22,245.5,0.0,0.0,1.0986122886681098,0.041666666666666664,0,48,0
normal_ssh,47,11784,250.72340425531914,66,1514,0.34522414207458496,136.1434334156322,34134.34509297467,47,0,0,2,46,0,2,26,0,2,2,2,2,0,0,24,0,0,22,245.5,0.0,0.0,1.0986122886681098,0.041666666666666664,0,48,0
normal_ssh,47,11784,250.72340425531914,66,1514,0.38763999938964844,121.24651757817306,30399.33964130194,47,0,0,2,46,0,2,26,0,2,2,2,2,0,0,24,0,0,22,245.5,0.0,0.0,1.0986122886681098,0.041666666666666664,0,48,0
normal_ssh,50,11982,239.64,66,1514,0.3712759017944336,134.67073881806576,32272.49585036128,50,0,0,2,49,0,2,27,0,2,2,2,2,0,0,25,0,0,22,234.94117647058823,0.0,0.0,1.0986122886681098,0.0392156862745098,0,50,0
normal_ssh,47,11784,250.72340425531914,66,1514,0.34001588821411133,138.2288346784655,34657.20399683058,47,0,0,2,46,0,2,26,0,2,2,2,2,0,0,24,0,0,22,245.5,0.0,0.0,1.0986122886681098,0.041666666666666664,0,48,0
normal_ssh,49,11916,243.18367346938774,66,1514,0.3729088306427002,131.39940911441965,31954.191000151524,49,0,0,2,48,0,2,27,0,2,2,2,2,0,0,24,0,0,60208,238.32,0.0,0.0,1.0986122886681098,0.04,0,48,0
normal_ssh,49,11916,243.18367346938774,66,1514,0.34453892707824707,142.21905320112575,34585.35179478805,49,0,0,2,48,0,2,27,0,2,2,2,2,0,0,24,0,0,60222,238.32,0.0,0.0,1.0986122886681098,0.04,0,48,0
normal_ssh,48,11850,246.875,66,1514,0.35747599601745605,134.27475001050445,33149.07890884329,48,0,0,2,47,0,2,26,0,2,2,2,2,0,0,24,0,0,22,241.83673469387756,0.0,0.0,1.0986122886681098,0.04081632653061224,0,48,0
normal_ssh,47,11784,250.72340425531914,66,1514,0.3585689067840576,131.07661905638963,32863.976148095644,47,0,0,2,46,0,2,26,0,2,2,2,2,0,0,24,0,0,22,245.5,0.0,0.0,1.0986122886681098,0.041666666666666664,0,48,0
normal_ssh,48,11850,246.875,66,1514,0.32521891593933105,147.59289096503323,36436.99495699258,48,0,0,2,47,0,2,26,0,2,2,2,2,0,0,24,0,0,22,241.83673469387756,0.0,0.0,1.0986122886681098,0.04081632653061224,0,48,0
normal_ssh,48,11850,246.875,66,1514,0.3403909206390381,141.0143370154717,34812.914450694574,48,0,0,2,47,0,2,26,0,2,2,2,2,0,0,24,0,0,22,241.83673469387756,0.0,0.0,1.0986122886681098,0.04081632653061224,0,48,0
normal_ssh,49,11916,243.18367346938774,66,1514,0.3545820713043213,138.1908561246617,33605.76003227488,49,0,0,2,48,0,2,27,0,2,2,2,2,0,0,24,0,0,41702,238.32,0.0,0.0,1.0986122886681098,0.04,0,48,0
normal_ssh,48,11850,246.875,66,1514,0.3615570068359375,132.75914749947248,32774.914538932266,48,0,0,2,47,0,2,26,0,2,2,2,2,0,0,24,0,0,22,241.83673469387756,0.0,0.0,1.0986122886681098,0.04081632653061224,0,48,0
normal_ftp,5,366,73.2,66,86,0.003222942352294922,1551.377422695665,113560.82734132269,5,0,0,2,4,0,0,1,0,2,2,2,2,0,3,0,0,0,21,61.0,0.0,0.0,1.0986122886681098,0.3333333333333333,0,0,0
normal_ftp,4,316,79.0,66,100,0.0014629364013671875,2734.2268578878748,216003.92177314212,4,0,0,0,4,0,0,2,0,2,2,2,2,0,2,0,0,0,21,63.2,0.0,0.0,1.0986122886681098,0.4,0,0,0
normal_ftp,13,1003,77.15384615384616,66,89,0.06934094429016113,187.47941974370525,14464.75830791818,13,0,0,0,13,0,0,9,0,2,2,2,2,0,5,0,0,0,46912,71.64285714285714,0.0,0.0,1.0986122886681098,0.14285714285714285,0,0,0
normal_ftp,14,1648,117.71428571428571,66,651,0.003367900848388672,4156.891972249752,489325.56930482795,14,0,0,2,13,0,2,6,0,4,4,2,2,0,3,0,0,0,40914,109.86666666666666,0.0,0.0,1.6094379124341003,0.26666666666666666,0,0,0
normal_ftp,3,256,85.33333333333333,66,109,0.04145002365112305,72.37631575920025,6176.112278118421,3,0,0,0,3,0,0,2,0,2,2,2,2,0,2,0,0,0,21,64.0,0.0,0.0,1.0986122886681098,0.5,0,0,0
normal_ftp,15,1780,118.66666666666667,66,718,0.03291010856628418,455.7870105408049,54086.72525084218,15,0,0,2,14,0,2,6,0,4,4,2,2,0,4,0,0,0,21,111.25,0.0,0.0,1.6094379124341003,0.25,0,0,0
normal_ftp,3,252,84.0,66,94,0.04281187057495117,70.074022921934,5886.217925442455,3,0,0,0,3,0,0,2,0,2,2,2,2,0,2,0,0,0,21,63.0,0.0,0.0,1.0986122886681098,0.5,0,0,0
normal_ftp,15,1781,118.73333333333333,66,718,0.003922939300537109,3823.663546857907,453996.31846359547,15,0,0,2,14,0,2,6,0,4,4,2,2,0,4,0,0,0,21,111.3125,0.0,0.0,1.6094379124341003,0.25,0,0,0
normal_ftp,3,250,83.33333333333333,66,103,0.04182696342468262,71.72406874340923,5977.005728617437,3,0,0,0,3,0,0,2,0,2,2,2,2,0,2,0,0,0,21,62.5,0.0,0.0,1.0986122886681098,0.5,0,0,0
normal_ftp,865,68273,78.92832369942197,66,114,0.9948270320892334,869.4978846558039,68628.01049607595,865,0,0,122,804,0,124,371,0,124,124,2,2,0,187,0,0,0,21,78.83718244803696,0.0,0.0,4.8283137373023015,0.14318706697459585,0,0,0
normal_ftp,544,42897,78.85477941176471,66,114,0.4232180118560791,1285.3895268167234,101359.10759532535,544,0,0,78,505,0,78,232,0,80,80,2,2,0,116,0,0,0,21,78.71009174311926,0.0,0.0,4.394449154672439,0.14678899082568808,0,0,0
normal_ftp,2,174,87.0,87,87,0.34896111488342285,5.73129759935613,498.6228911439833,0,2,0,0,0,0,0,0,0,1,1,2,1,0,0,0,0,0,5353,58.0,0.0,0.0,0.6931471805599453,0.3333333333333333,0,0,0
normal_ftp,1819,150757,82.87905442550853,66,1358,0.9984509944915771,1821.822012332469,150990.88571369214,1819,0,0,202,1718,0,202,1011,0,204,204,2,2,0,505,0,0,0,46912,82.83351648351649,0.0,0.0,5.3230099791384085,0.11208791208791209,0,0,0
normal_ftp,1,66,66.0,66,66,0.001,1000.0,66000.0,1,0,0,0,1,0,0,0,0,1,1,1,1,0,1,0,0,0,21,33.0,0.0,0.0,0.6931471805599453,0.5,0,0,0
normal_ftp,6,416,69.33333333333333,66,80,0.004011869430541992,1495.5621322873953,103692.30783859274,6,0,0,0,6,0,2,2,0,2,2,2,2,0,3,0,0,0,21,59.42857142857143,0.0,0.0,1.0986122886681098,0.2857142857142857,0,0,0
attack_ping_dos,3484,341432,98.0,98,98,0.9999728202819824,3484.0946967114032,341441.2802777175,0,0,3484,0,0,0,0,0,0,0,0,2,2,0,0,0,0,0,0,97.97187948350071,0.0,0.0,0.0,0.0,0,0,1
attack_ping_dos,3288,322224,98.0,98,98,0.99953293800354,3289.5364174465603,322374.5689097629,0,0,3288,0,0,0,0,0,0,0,0,2,2,0,0,0,0,0,0,97.97020370933414,0.0,0.0,0.0,0.0,0,0,1
attack_ping_dos,3228,316344,98.0,98,98,0.9991891384124756,3230.6195853256445,316600.71936191316,0,0,3228,0,0,0,0,0,0,0,0,2,2,0,0,0,0,0,0,97.969650046454,0.0,0.0,0.0,0.0,0,0,1
attack_ping_dos,3373,330554,98.0,98,98,0.9998979568481445,3373.3442266771835,330587.73421436397,0,0,3373,0,0,0,0,0,0,0,0,2,2,0,0,0,0,0,0,97.97095435684648,0.0,0.0,0.0,0.0,0,0,1
attack_ping_dos,3570,349860,98.0,98,98,0.999108076095581,3573.18701090999,350172.32706917904,0,0,3570,0,0,0,0,0,0,0,0,2,2,0,0,0,0,0,0,97.97255670680482,0.0,0.0,0.0,0.0,0,0,1
attack_ping_dos,3301,323498,98.0,98,98,0.9985342025756836,3305.845700112412,323972.8786110164,0,0,3301,0,0,0,0,0,0,0,0,2,2,0,0,0,0,0,0,97.97032101756511,0.0,0.0,0.0,0.0,0,0,1
attack_ping_dos,3529,345842,98.0,98,98,0.998499870300293,3534.30191126482,346361.5873039523,0,0,3529,0,0,0,0,0,0,0,0,2,2,0,0,0,0,0,0,97.97223796033994,0.0,0.0,0.0,0.0,0,0,1
attack_ping_dos,3572,350056,98.0,98,98,0.9999330043792725,3572.239324390925,350079.45379031065,0,0,3572,0,0,0,0,0,0,0,0,2,2,0,0,0,0,0,0,97.97257206828995,0.0,0.0,0.0,0.0,0,0,1
attack_ping_dos,3401,333298,98.0,98,98,0.9997320175170898,3401.91165273134,333387.3419676713,0,0,3401,0,0,0,0,0,0,0,0,2,2,0,0,0,0,0,0,97.97119341563786,0.0,0.0,0.0,0.0,0,0,1
attack_ping_dos,3170,310660,98.0,98,98,0.998784065246582,3173.8592057106794,311038.20215964655,0,0,3170,0,0,0,0,0,0,0,0,2,2,0,0,0,0,0,0,97.96909492273731,0.0,0.0,0.0,0.0,0,0,1
attack_ping_dos,3324,325752,98.0,98,98,0.9995629787445068,3325.453293773529,325894.4227898058,0,0,3324,0,0,0,0,0,0,0,0,2,2,0,0,0,0,0,0,97.97052631578947,0.0,0.0,0.0,0.0,0,0,1
attack_ping_dos,3515,344470,98.0,98,98,0.9985342025756836,3520.1598412284548,344975.66444038856,0,0,3515,0,0,0,0,0,0,0,0,2,2,0,0,0,0,0,0,97.97212741751991,0.0,0.0,0.0,0.0,0,0,1
attack_ping_dos,3201,313698,98.0,98,98,0.9999868869781494,3201.041975333367,313702.11358267,0,0,3201,0,0,0,0,0,0,0,0,2,2,0,0,0,0,0,0,97.96939412866958,0.0,0.0,0.0,0.0,0,0,1
attack_ping_dos,3305,323890,98.0,98,98,0.9981400966644287,3311.1584346171494,324493.52659248066,0,0,3305,0,0,0,0,0,0,0,0,2,2,0,0,0,0,0,0,97.97035692679975,0.0,0.0,0.0,0.0,0,0,1
attack_ping_dos,3357,328986,98.0,98,98,0.9994819164276123,3358.740108073913,329156.53059124347,0,0,3357,0,0,0,0,0,0,0,0,2,2,0,0,0,0,0,0,97.97081596188207,0.0,0.0,0.0,0.0,0,0,1
attack_ping_dos,3542,347116,98.0,98,98,0.9994299411773682,3544.020300039624,347313.98940388317,0,0,3542,0,0,0,0,0,0,0,0,2,2,0,0,0,0,0,0,97.97233982500705,0.0,0.0,0.0,0.0,0,0,1
attack_ping_dos,3445,337610,98.0,98,98,0.9996199607849121,3446.3097328458207,337738.3538188904,0,0,3445,0,0,0,0,0,0,0,0,2,2,0,0,0,0,0,0,97.97156123041208,0.0,0.0,0.0,0.0,0,0,1
attack_ping_dos,2390,234220,98.0,98,98,0.6929190158843994,3449.176520216508,338019.2989812178,0,0,2390,0,0,0,0,0,0,0,0,2,2,0,0,0,0,0,0,97.95901296528649,0.0,0.0,0.0,0.0,0,0,1
attack_syn_flood,50704,3042240,60.0,60,60,0.9999971389770508,50704.14506572265,3042248.703943359,50704,0,0,33804,16902,16900,0,0,0,16903,16903,2,2,0,0,0,33802,0,80,59.998816684745094,0.4999260464428339,16883.16513798493,9.735305559295893,0.3333596292278868,0,0,2
attack_syn_flood,61308,3678480,60.0,60,60,0.9999480247497559,61311.18666426964,3678671.1998561784,61308,0,0,41985,20513,19323,0,0,0,21475,20514,2,2,0,0,0,40795,0,80,59.99902135086203,0.4602248368503787,19304.698667876277,9.97469131154246,0.33460014027304313,0,0,2
attack_syn_flood,75213,4512780,60.0,60,60,0.9999890327453613,75213.8248891699,4512829.493350195,75213,0,0,55399,27078,19814,0,0,0,29114,27078,2,2,1,1,1,48136,1,80,59.99920227617199,0.3576534296028881,19794.42266780602,10.27900878427122,0.3600127635812482,19814,29114,2
attack_syn_flood,71414,4284840,60.0,60,60,0.9999969005584717,71414.22134420335,4284853.280652201,71414,0,0,49032,24618,22382,0,0,0,25867,24619,2,2,1,1,0,46796,0,80,59.99915984036967,0.45646809291701507,22359.709593019455,10.160761962566484,0.3447314989848071,0,0,2
attack_syn_flood,80880,4852800,60.0,60,60,0.9987740516662598,80979.27640898108,4858756.584538865,80880,0,0,60197,30107,20600,0,0,0,31142,30098,2,2,0,0,0,50773,0,80,59.99925816940938,0.34220405993554603,20604.65558759731,10.346344779861354,0.37212695194174156,0,0,2
attack_syn_flood,51236,3074160,60.0,60,60,0.9999990463256836,51236.04886250388,3074162.9317502324,51236,0,0,34186,17193,16952,0,0,0,17972,17193,2,2,1,1,1,34044,1,80,59.99882897125124,0.4958609997952438,16935.08106948238,9.796625910752034,0.3355582879559693,16952,17972,2
attack_syn_flood,65268,3916080,60.0,60,60,0.9998290538787842,65279.15921906473,3916749.5531438836,65268,0,0,45613,22533,19565,0,0,0,23449,22534,2,2,0,0,0,42735,0,80,59.99908072745101,0.4289253299425615,19548.79299734001,10.062625773874425,0.34524812698218144,0,0,2
attack_syn_flood,79981,4798860,60.0,60,60,0.9999809265136719,79982.52554560748,4798951.532736449,79981,0,0,58035,29125,21946,0,0,0,30574,29126,2,2,0,0,0,50856,0,80,59.999249831212026,0.3781445999035082,21924.493682847664,10.327937960555372,0.36415693531044485,0,0,2
attack_syn_flood,60651,3639060,60.0,60,60,0.9999630451202393,60653.241433244264,3639194.485994656,60651,0,0,41047,20690,19604,0,0,0,21492,20690,2,2,1,1,1,39962,1,80,59.999010749851614,0.4775872149678425,19585.138627815275,9.975482579707275,0.34112642616896394,19604,21492,2
attack_syn_flood,50067,3004020,60.0,60,60,0.9999959468841553,50067.20292817349,3004032.1756904093,50067,0,0,33535,16897,16451,0,0,0,16939,16898,2,2,0,0,0,33170,0,80,59.99880162978349,0.4905474713740458,16434.631979487793,9.737432968206045,0.33750099864184707,0,0,2
attack_syn_flood,84158,5049480,60.0,60,60,0.9999961853027344,84158.32103851714,5049499.262311028,84158,0,0,62730,31361,21428,0,0,0,31802,31362,2,2,0,0,0,52797,0,80,59.999287063772144,0.3415854999920295,21406.674984999536,10.367315903941208,0.3726517662995045,0,0,2
attack_syn_flood,79612,4776720,60.0,60,60,1.0,79612.0,4776720.0,79612,0,0,58648,28855,20964,0,0,0,31237,28855,2,2,1,1,1,50758,1,80,59.99924635423863,0.3574485498473972,20943.056943056945,10.349390581417667,0.3624408074058257,20964,31237,2
attack_syn_flood,57502,3450120,60.0,60,60,0.9999969005584717,57502.17822463916,3450130.6934783496,57502,0,0,42889,21571,14507,0,0,0,24339,21572,2,2,0,0,0,35931,0,80,59.998956576178635,0.3382373513639543,14492.552366452206,10.099876366541519,0.37514564457506566,0,0,2
attack_syn_flood,43917,2635020,60.0,60,60,0.9489710330963135,46278.54641327366,2776712.7847964196,43917,0,0,31803,16106,12114,0,0,0,17161,16106,2,2,1,1,1,27812,1,80,59.99863381756911,0.3808954848446736,12751.9677737077,9.750452916367067,0.36672890386629625,12114,17161,2
attack_syn_flood,578,34680,60.0,60,60,0.9010970592498779,641.4403354963322,38486.42012977993,578,0,0,289,289,289,0,0,0,290,290,2,2,0,0,0,289,0,80,59.89637305699482,0.996551724137931,320.364640408331,5.673323267171493,0.5008635578583766,0,0,2
attack_syn_flood,16,960,60.0,60,60,0.0008721351623535156,18345.780207763804,1100746.8124658284,16,0,0,8,8,8,0,0,0,9,9,2,2,0,0,0,8,0,80,56.470588235294116,0.8888888888888888,4273.195739747213,2.302585092994046,0.5294117647058824,0,0,2
attack_syn_flood,108,6480,60.0,60,60,0.003975868225097656,27163.87814823699,1629832.6888942192,108,0,0,54,54,54,0,0,0,55,55,2,2,0,0,0,54,0,80,59.44954128440367,0.9818181818181818,10852.377425839126,4.02535169073515,0.5045871559633027,0,0,2
attack_nmap_scan,1,87,87.0,87,87,0.001,1000.0,87000.0,0,1,0,0,0,0,0,0,0,1,1,1,1,0,0,0,0,0,5353,43.5,0.0,0.0,0.6931471805599453,0.5,0,0,3
attack_nmap_scan,36746,2204760,60.0,60,60,0.9996030330657959,36760.592739799446,2205635.5643879664,36746,0,0,18237,18509,18509,0,0,0,17871,17871,2,2,0,2,2,4,2,48307,59.99836721365009,1.0148590854260335,18497.845187705843,9.790990521308983,0.4863254143195363,37018,35742,3
attack_nmap_scan,42711,2562660,60.0,60,60,0.9935140609741211,42989.82941230112,2579389.764738067,42711,0,0,21241,21470,21470,0,0,0,21123,21077,2,2,0,0,0,0,0,48307,59.998595242554785,1.0107334525939178,21588.432826148535,9.958165113826825,0.49346787787975277,0,0,3
attack_nmap_scan,38029,2281740,60.0,60,60,0.9999959468841553,38029.154136567195,2281749.2481940314,38029,0,0,18831,19198,19198,0,0,0,18634,18567,2,2,1,0,0,0,0,48307,59.998422298185645,1.0194350042480884,19178.898835463293,9.832796811913358,0.48821982645280043,0,0,3
attack_nmap_scan,16681,1000860,60.0,60,60,0.5648548603057861,29531.479982255412,1771888.7989353247,16681,0,0,8290,8391,8391,0,0,0,8222,8207,2,2,0,0,0,0,0,48307,59.99640330895576,1.0120612712579906,14828.89091995345,9.014690384970896,0.4919673900011989,0,0,3
attack_nmap_scan,2037,122451,60.11340206185567,60,109,0.45253491401672363,4501.310146259172,270589.06662718795,2037,0,0,1015,1025,1008,4,2,0,1004,1004,2,2,1,7,7,4,1,57537,60.08390578999018,0.9921259842519685,2222.541129353563,6.912742820493176,0.492639842983317,7056,7028,3
attack_nmap_scan,113,54377,481.21238938053096,60,1514,0.26543688774108887,425.71324943435104,204858.48995125404,113,0,0,14,105,2,15,24,0,9,9,2,2,0,0,0,49,0,80,476.99122807017545,0.13333333333333333,7.50646810566076,2.302585092994046,0.07894736842105263,0,0,3
attack_nmap_scan,2,144,72.0,60,84,0.00013113021850585938,15252.014545454545,1098145.0472727274,2,0,0,0,1,1,0,1,0,2,2,2,2,0,0,0,1,0,80,48.0,1.0,884.0715097514831,1.0986122886681098,0.6666666666666666,0,0,3
attack_nmap_scan,2074,124665,60.10848601735776,60,109,0.21433091163635254,9676.625663398849,581647.318383615,2074,0,0,1027,1050,1034,4,2,0,1004,1004,2,2,1,7,7,4,1,61367,60.079518072289154,1.0058365758754864,4801.911588737445,6.912742820493176,0.483855421686747,7238,7028,3
attack_nmap_scan,55,15683,285.1454545454545,60,1514,0.9926328659057617,55.40819963664348,15799.396270935993,49,1,5,17,29,11,3,6,1,17,15,2,2,0,18,0,7,0,21,280.05357142857144,0.6111111111111112,11.070487276981098,2.8903717578961645,0.26785714285714285,0,0,3
attack_nmap_scan,380,84232,221.66315789473686,60,1514,0.9744360446929932,389.96915402459604,86441.79416263098,378,1,1,67,334,6,54,95,4,38,36,2,2,0,32,27,134,0,80,221.08136482939634,0.08823529411764706,6.151095228276527,3.6635616461296463,0.09448818897637795,162,1026,3
attack_nmap_scan,103,14499,140.76699029126215,66,1186,0.97760009765625,105.36005494162453,14831.217831054504,103,0,0,17,94,0,16,23,0,13,13,2,2,0,0,31,27,0,22,139.41346153846155,0.0,0.0,2.6390573296152584,0.125,0,403,3
attack_nmap_scan,15,3361,224.06666666666666,66,1186,0.2680239677429199,55.96514418586447,12539.923307246032,15,0,0,0,15,0,3,5,0,3,3,2,2,0,0,8,0,0,22,210.0625,0.0,0.0,1.3862943611198906,0.1875,0,24,3
attack_nmap_scan,113,31892,282.2300884955752,60,1514,0.24935603141784668,453.16730201983984,127897.44775236046,113,0,0,10,106,6,14,35,0,10,10,2,2,0,39,0,13,0,21,279.7543859649123,0.5454545454545454,23.965869589879947,2.3978952727983707,0.08771929824561403,0,0,3
attack_nmap_scan,20557,1233420,60.0,60,60,0.8113329410552979,25337.31709852873,1520239.0259117237,20557,0,0,10204,10353,10353,0,0,0,10001,10001,2,2,1,5,2,2,1,47751,59.99708142815449,1.0145026947574718,12744.774312057894,9.21054035197885,0.4864772837824691,20706,20002,3
attack_nmap_scan,1,87,87.0,87,87,0.001,1000.0,87000.0,0,1,0,0,0,0,0,0,0,1,1,1,1,0,0,0,0,0,5353,43.5,0.0,0.0,0.6931471805599453,0.5,0,0,3
attack_bruteforce,351,68634,195.53846153846155,60,1186,0.9045560359954834,388.03566173069305,75875.8963168786,351,0,0,34,332,4,2,184,0,18,18,2,2,0,0,162,0,0,22,194.98295454545453,0.11428571428571428,4.417175570590477,2.9444389791664403,0.05113636363636364,648,2916,4
attack_bruteforce,15,1670,111.33333333333333,66,150,0.2916069030761719,51.439111494839295,5726.887746425441,15,0,0,0,15,0,0,10,0,6,6,2,2,0,0,5,0,0,22,104.375,0.0,0.0,1.9459101490553132,0.375,0,30,4
attack_bruteforce,27,3006,111.33333333333333,66,150,0.20096421241760254,134.35227931973355,14957.887097597,27,0,0,0,27,0,0,18,0,10,10,2,2,0,0,9,0,0,22,107.35714285714286,0.0,0.0,2.3978952727983707,0.35714285714285715,0,90,4
attack_bruteforce,42,4676,111.33333333333333,66,150,0.3645460605621338,115.21177854791674,12826.911345001396,42,0,0,0,42,0,0,28,0,15,15,2,2,0,0,14,0,0,22,108.74418604651163,0.0,0.0,2.772588722239781,0.3488372093023256,0,210,4
attack_bruteforce,9,1002,111.33333333333333,66,150,0.3649890422821045,24.65827451620805,2745.2878961378296,9,0,0,0,9,0,0,6,0,4,4,2,2,0,0,3,0,0,22,100.2,0.0,0.0,1.6094379124341003,0.4,0,12,4
attack_bruteforce,42,4676,111.33333333333333,66,150,0.3670220375061035,114.43454536241995,12740.379383682755,42,0,0,0,42,0,0,28,0,15,15,2,2,0,0,14,0,0,22,108.74418604651163,0.0,0.0,2.772588722239781,0.3488372093023256,0,210,4
attack_bruteforce,43,4742,110.27906976744185,66,150,0.40106201171875,107.2153401308781,11823.607974433115,43,0,0,0,43,0,0,28,0,15,15,2,2,0,0,15,0,0,22,107.77272727272727,0.0,0.0,2.772588722239781,0.3409090909090909,0,225,4
attack_bruteforce,110,18062,164.2,66,1186,0.5552258491516113,198.11757714105119,32530.906166560602,110,0,0,6,107,0,6,61,0,18,18,2,2,0,0,48,0,0,22,162.72072072072072,0.0,0.0,2.9444389791664403,0.16216216216216217,0,864,4
attack_bruteforce,342,54528,159.43859649122808,60,1186,0.5974700450897217,572.4136344754189,91264.82649320363,342,0,0,36,318,14,22,153,0,33,33,2,2,0,0,156,0,0,22,158.9737609329446,0.3783783783783784,23.392983683755038,3.5263605246161616,0.09620991253644315,2184,5148,4
attack_bruteforce,39,4342,111.33333333333333,66,150,0.5547909736633301,70.29674571393946,7826.371022818594,39,0,0,0,39,0,0,26,0,14,14,2,2,0,0,13,0,0,22,108.55,0.0,0.0,2.70805020110221,0.35,0,182,4
attack_bruteforce,39,4342,111.33333333333333,66,150,0.5707790851593018,68.3276612861792,7607.146289861284,39,0,0,0,39,0,0,26,0,14,14,2,2,0,0,13,0,0,22,108.55,0.0,0.0,2.70805020110221,0.35,0,182,4
attack_bruteforce,6,668,111.33333333333333,66,150,0.04703998565673828,127.55105930055753,14200.684602128738,6,0,0,0,6,0,0,4,0,3,3,2,2,0,0,2,0,0,33642,95.42857142857143,0.0,0.0,1.3862943611198906,0.42857142857142855,0,6,4
attack_bruteforce,39,4342,111.33333333333333,66,150,0.5704419612884521,68.36804205621733,7611.642015592197,39,0,0,0,39,0,0,26,0,14,14,2,2,0,0,13,0,0,22,108.55,0.0,0.0,2.70805020110221,0.35,0,182,4
attack_bruteforce,138,17132,124.14492753623189,60,1186,0.5736699104309082,240.55645501145816,29863.8636757703,138,0,0,16,123,12,6,60,0,22,22,2,2,0,0,60,0,0,22,123.25179856115108,0.7058823529411765,20.88155266560236,3.1354942159291497,0.15827338129496402,720,1320,4
attack_bruteforce,78,9992,128.10256410256412,60,1186,0.5633649826049805,138.45375983315586,17736.281644267863,78,0,0,6,73,4,2,41,0,17,17,2,2,0,0,32,0,0,22,126.48101265822785,0.5714285714285714,7.087611959085252,2.8903717578961645,0.21518987341772153,128,544,4
attack_bruteforce,336,54068,160.91666666666666,60,1186,0.9034278392791748,371.9168099447622,59847.61333361131,336,0,0,36,312,13,23,152,0,32,32,2,2,0,0,157,0,0,22,160.4391691394659,0.35135135135135137,14.3737282682065,3.4965075614664802,0.09495548961424333,2041,5024,4
attack_bruteforce,6,668,111.33333333333333,66,150,0.8619921207427979,6.960620469279541,774.9490789131222,6,0,0,0,6,0,0,4,0,3,3,2,2,0,0,2,0,0,39784,95.42857142857143,0.0,0.0,1.3862943611198906,0.42857142857142855,0,6,4
attack_bruteforce,36,4008,111.33333333333333,66,150,0.7169408798217773,50.21334535833576,5590.419116561381,36,0,0,0,36,0,0,24,0,13,13,2,2,0,0,12,0,0,22,108.32432432432432,0.0,0.0,2.6390573296152584,0.35135135135135137,0,156,4
attack_bruteforce,39,4342,111.33333333333333,66,150,0.8632221221923828,45.179565024294206,5029.9915727047555,39,0,0,0,39,0,0,26,0,14,14,2,2,0,0,13,0,0,22,108.55,0.0,0.0,2.70805020110221,0.35,0,182,4
attack_bruteforce,39,4342,111.33333333333333,66,150,0.8639440536499023,45.14181194399892,5025.788396431879,39,0,0,0,39,0,0,26,0,14,14,2,2,0,0,13,0,0,22,108.55,0.0,0.0,2.70805020110221,0.35,0,182,4
attack_bruteforce,92,13827,150.29347826086956,60,1186,0.8620750904083252,106.71924177327041,16039.206043467499,92,0,0,6,88,2,4,50,0,17,17,2,2,0,0,39,0,0,22,148.67741935483872,0.2857142857142857,2.3172954731595716,2.8903717578961645,0.1827956989247312,78,663,4
attack_bruteforce,81,13046,161.06172839506172,66,1186,0.8349149227142334,97.0158728708265,15625.544166330896,81,0,0,4,79,0,4,48,0,16,16,2,2,0,0,35,0,0,22,159.09756097560975,0.0,0.0,2.833213344056216,0.1951219512195122,0,560,4
attack_bruteforce,3,334,111.33333333333333,66,150,0.0005099773406982422,5882.6143057503505,654931.059373539,3,0,0,0,3,0,0,2,0,2,2,2,2,0,0,1,0,0,58856,83.5,0.0,0.0,1.0986122886681098,0.5,0,2,4
attack_bruteforce,258,45661,176.98062015503876,60,1186,0.9440131187438965,273.30128668476,48369.03120663886,258,0,0,24,244,5,18,131,0,26,26,2,2,0,0,125,0,0,22,176.2972972972973,0.2,5.290931840867943,3.295836866004329,0.10038610038610038,625,3250,4
attack_bruteforce,39,4342,111.33333333333333,66,150,0.8261940479278564,47.2044068797328,5255.423965943585,39,0,0,0,39,0,0,26,0,14,14,2,2,0,0,13,0,0,22,108.55,0.0,0.0,2.70805020110221,0.35,0,182,4
attack_bruteforce,39,4342,111.33333333333333,66,150,0.8299338817596436,46.99169519059924,5231.742064553382,39,0,0,0,39,0,0,26,0,14,14,2,2,0,0,13,0,0,22,108.55,0.0,0.0,2.70805020110221,0.35,0,182,4
attack_bruteforce,39,4342,111.33333333333333,66,150,0.8332948684692383,46.80216028648173,5210.640511894966,39,0,0,0,39,0,0,26,0,14,14,2,2,0,0,13,0,0,22,108.55,0.0,0.0,2.70805020110221,0.35,0,182,4
attack_bruteforce,78,12006,153.92307692307693,60,1186,0.4531698226928711,172.12090499870575,26493.379300185403,78,0,0,8,72,4,4,38,0,11,11,2,2,0,0,36,0,0,22,151.9746835443038,0.4444444444444444,8.807278247337383,2.4849066497880004,0.13924050632911392,144,396,4
attack_bruteforce,60,8694,144.9,66,1186,0.8930799961090088,67.18323135823147,9734.85022380774,60,0,0,2,59,0,2,37,0,15,15,2,2,0,0,24,0,0,22,142.52459016393442,0.0,0.0,2.772588722239781,0.2459016393442623,0,360,4
attack_bruteforce,173,28187,162.9306358381503,60,1186,0.8503119945526123,203.45473321356963,33149.00904676813,173,0,0,16,163,4,11,87,0,22,22,2,2,0,0,81,0,0,22,161.99425287356323,0.23529411764705882,4.698629909592792,3.1354942159291497,0.12643678160919541,324,1782,4
attack_bruteforce,183,28896,157.9016393442623,60,1186,0.9123811721801758,200.57406441510983,31670.973581087506,183,0,0,18,170,8,10,89,0,23,23,2,2,0,0,83,0,0,22,157.04347826086956,0.42105263157894735,8.758665323596029,3.1780538303479458,0.125,664,1909,4
attack_bruteforce,21,2338,111.33333333333333,66,150,0.8733460903167725,24.0454502892239,2677.0601322002613,21,0,0,0,21,0,0,14,0,8,8,2,2,0,0,7,0,0,22,106.27272727272727,0.0,0.0,2.1972245773362196,0.36363636363636365,0,56,4
attack_bruteforce,39,4342,111.33333333333333,66,150,0.8686959743499756,44.894878244581214,4998.296444563375,39,0,0,0,39,0,0,26,0,14,14,2,2,0,0,13,0,0,22,108.55,0.0,0.0,2.70805020110221,0.35,0,182,4
attack_bruteforce,99,14344,144.88888888888889,60,1186,0.8696351051330566,113.84085050804465,16494.274340276694,99,0,0,8,93,4,4,52,0,18,18,2,2,0,0,42,0,0,22,143.44,0.4444444444444444,4.594347248826696,2.9444389791664403,0.18,168,756,4
attack_bruteforce,39,4342,111.33333333333333,66,150,0.9006881713867188,43.300224471644576,4820.758324509762,39,0,0,0,39,0,0,26,0,14,14,2,2,0,0,13,0,0,22,108.55,0.0,0.0,2.70805020110221,0.35,0,182,4
attack_bruteforce,136,22573,165.97794117647058,60,1186,0.998769998550415,136.167486205419,22600.799015550907,136,0,0,10,129,2,9,71,0,19,19,2,2,0,0,62,0,0,22,164.76642335766422,0.18181818181818182,2.0004601087248437,2.995732273553991,0.1386861313868613,124,1178,4
attack_bruteforce,2,216,108.0,66,150,0.040741920471191406,49.08948760562721,5301.664661407739,2,0,0,0,2,0,0,1,0,2,2,2,2,0,0,1,0,0,22,72.0,0.0,0.0,1.0986122886681098,0.6666666666666666,0,2,4
attack_bruteforce,126,19032,151.04761904761904,60,1186,0.9402740001678467,134.0034925750451,20240.90849752586,126,0,0,10,119,4,8,62,0,19,19,2,2,0,0,56,0,0,22,149.85826771653544,0.36363636363636365,4.249559638624594,2.995732273553991,0.14960629921259844,224,1064,4
attack_bruteforce,40,5776,144.4,60,1186,0.6129300594329834,65.26030072175556,9423.587424221501,40,0,0,6,35,3,1,16,0,4,4,2,2,0,0,19,0,0,22,140.8780487804878,0.42857142857142855,4.886550110888454,1.6094379124341003,0.0975609756097561,57,76,4
attack_bruteforce,83,12825,154.51807228915663,60,1186,0.9573168754577637,86.70065484880499,13396.818053444867,83,0,0,6,79,2,4,44,0,14,14,2,2,0,0,36,0,0,22,152.67857142857142,0.2857142857142857,2.0869923625676012,2.70805020110221,0.16666666666666666,72,504,4
attack_bruteforce,12,1336,111.33333333333333,66,150,0.8014271259307861,14.973289038679681,1667.026179639671,12,0,0,0,12,0,0,8,0,5,5,2,2,0,0,4,0,0,22,102.76923076923077,0.0,0.0,1.791759469228055,0.38461538461538464,0,20,4
attack_bruteforce,57,8007,140.47368421052633,60,1186,0.34035396575927734,167.4727070473287,23525.50816364844,57,0,0,4,54,2,2,31,0,12,12,2,2,0,0,24,0,0,22,138.05172413793105,0.4,5.859020842342869,2.5649493574615367,0.20689655172413793,48,288,4
attack_bruteforce,36,5886,163.5,66,1186,0.7984261512756348,45.08870349810472,7372.0030219401215,36,0,0,2,35,0,2,19,0,6,6,2,2,0,0,16,0,0,22,159.0810810810811,0.0,0.0,1.9459101490553132,0.16216216216216217,0,96,4
attack_bruteforce,67,8716,130.08955223880596,60,1186,0.3404700756072998,196.7867510250099,25599.90032737293,67,0,0,6,61,4,4,33,0,13,13,2,2,0,0,28,0,0,22,128.1764705882353,0.5714285714285714,11.714057206582613,2.6390573296152584,0.19117647058823528,112,364,4
attack_bruteforce,12,1336,111.33333333333333,66,150,0.7936801910400391,15.119439965202094,1683.2976494591665,12,0,0,0,12,0,0,8,0,5,5,2,2,0,0,4,0,0,22,102.76923076923077,0.0,0.0,1.791759469228055,0.38461538461538464,0,20,4
attack_bruteforce,27,3006,111.33333333333333,66,150,0.34332895278930664,78.6417800789708,8755.451515458748,27,0,0,0,27,0,0,18,0,10,10,2,2,0,0,9,0,0,22,107.35714285714286,0.0,0.0,2.3978952727983707,0.35714285714285715,0,90,4
attack_bruteforce,56,10172,181.64285714285714,66,1186,0.9202961921691895,60.84997468913229,11052.963259604529,56,0,0,4,54,0,4,30,0,7,7,2,2,0,0,26,0,0,22,178.4561403508772,0.0,0.0,2.0794415416798357,0.12280701754385964,0,182,4
attack_bruteforce,87,13008,149.51724137931035,60,1186,0.7048249244689941,123.43490841437632,18455.64699602537,87,0,0,8,81,4,4,44,0,14,14,2,2,0,0,39,0,0,22,147.8181818181818,0.4444444444444444,5.667127727189966,2.70805020110221,0.1590909090909091,156,546,4
attack_bruteforce,12,1336,111.33333333333333,66,150,0.8819611072540283,13.60604215004651,1514.8060260385114,12,0,0,0,12,0,0,8,0,5,5,2,2,0,0,4,0,0,22,102.76923076923077,0.0,0.0,1.791759469228055,0.38461538461538464,0,20,4
attack_bruteforce,79,12419,157.20253164556962,60,1186,0.660485029220581,119.60906985768561,18802.848589399968,79,0,0,6,74,2,6,42,0,13,13,2,2,0,0,36,0,0,22,155.2375,0.2857142857142857,3.023500021393641,2.6390573296152584,0.1625,72,468,4
attack_bruteforce,33,5688,172.36363636363637,66,1186,0.8786768913269043,37.556467372399155,6473.369285278982,33,0,0,2,32,0,2,19,0,6,6,2,2,0,0,14,0,0,22,167.2941176470588,0.0,0.0,1.9459101490553132,0.17647058823529413,0,84,4
attack_bruteforce,102,16903,165.7156862745098,60,1186,0.5514450073242188,184.96858008550203,30652.195188090594,102,0,0,8,96,2,8,53,0,14,14,2,2,0,0,46,0,0,22,164.10679611650485,0.2222222222222222,3.6202698431234817,2.70805020110221,0.13592233009708737,92,644,4
attack_bruteforce,12,1336,111.33333333333333,66,150,0.7973818778991699,15.04925097070919,1675.4832747389564,12,0,0,0,12,0,0,8,0,5,5,2,2,0,0,4,0,0,22,102.76923076923077,0.0,0.0,1.791759469228055,0.38461538461538464,0,20,4
attack_bruteforce,48,7358,153.29166666666666,66,1186,0.557204008102417,86.14439110634925,13205.217286677453,48,0,0,2,47,0,2,29,0,11,11,2,2,0,0,20,0,0,22,150.16326530612244,0.0,0.0,2.4849066497880004,0.22448979591836735,0,220,4
attack_bruteforce,33,5688,172.36363636363637,66,1186,0.7964448928833008,41.43412845618602,7141.737050266245,33,0,0,2,32,0,2,19,0,6,6,2,2,0,0,15,0,0,22,167.2941176470588,0.0,0.0,1.9459101490553132,0.17647058823529413,0,90,4
attack_bruteforce,48,7358,153.29166666666666,66,1186,0.555819034576416,86.35904316695506,13238.121658801154,48,0,0,2,47,0,2,29,0,11,11,2,2,0,0,20,0,0,22,150.16326530612244,0.0,0.0,2.4849066497880004,0.22448979591836735,0,220,4
attack_bruteforce,28,3093,110.46428571428571,66,150,0.5582001209259033,50.16122166644385,5541.023521939673,27,1,0,0,27,0,0,18,0,11,11,2,3,0,0,9,0,0,22,106.65517241379311,0.0,0.0,2.4849066497880004,0.3793103448275862,0,99,4
attack_bruteforce,12,1336,111.33333333333333,66,150,0.8003320693969727,14.993776282189538,1669.3070927504352,12,0,0,0,12,0,0,8,0,5,5,2,2,0,0,4,0,0,22,102.76923076923077,0.0,0.0,1.791759469228055,0.38461538461538464,0,20,4
attack_bruteforce,92,13332,144.91304347826087,60,1186,0.6710779666900635,137.09286337289342,19866.54407051538,92,0,0,8,85,4,6,44,0,14,14,2,2,0,0,41,0,0,22,143.3548387096774,0.4444444444444444,5.951690426186292,2.70805020110221,0.15053763440860216,164,574,4
attack_bruteforce,57,10238,179.6140350877193,66,1186,0.9029779434204102,63.124465459353786,11338.039953909896,57,0,0,4,55,0,4,30,0,7,7,2,2,0,0,25,0,0,22,176.51724137931035,0.0,0.0,2.0794415416798357,0.1206896551724138,0,175,4
attack_bruteforce,69,11710,169.71014492753622,66,1186,0.6296420097351074,109.58608055556607,18597.86961312578,69,0,0,4,67,0,4,40,0,12,12,2,2,0,0,31,0,0,22,167.28571428571428,0.0,0.0,2.5649493574615367,0.17142857142857143,0,372,4
attack_bruteforce,12,1336,111.33333333333333,66,150,0.8596498966217041,13.959171108096692,1554.121050034765,12,0,0,0,12,0,0,8,0,5,5,2,2,0,0,4,0,0,22,102.76923076923077,0.0,0.0,1.791759469228055,0.38461538461538464,0,20,4
attack_bruteforce,102,16909,165.77450980392157,60,1186,0.6290490627288818,162.14951431214783,26880.25625004027,102,0,0,8,97,2,6,53,0,14,14,2,2,0,0,46,0,0,22,164.16504854368932,0.2222222222222222,3.1743559641808807,2.70805020110221,0.13592233009708737,92,644,4
attack_bruteforce,33,5688,172.36363636363637,66,1186,0.8617730140686035,38.29314617801777,6600.345923047426,33,0,0,2,32,0,2,19,0,6,6,2,2,0,0,15,0,0,22,167.2941176470588,0.0,0.0,1.9459101490553132,0.17647058823529413,0,90,4
attack_bruteforce,51,7556,148.15686274509804,66,1186,0.5869488716125488,86.89002137423928,12873.352970661805,51,0,0,2,50,0,2,29,0,11,11,2,2,0,0,21,0,0,22,145.30769230769232,0.0,0.0,2.4849066497880004,0.21153846153846154,0,231,4
attack_bruteforce,15,1670,111.33333333333333,66,150,0.6897940635681152,21.745620602197008,2421.0124270446004,15,0,0,0,15,0,0,10,0,6,6,2,2,0,0,5,0,0,22,104.375,0.0,0.0,1.9459101490553132,0.375,0,30,4
attack_bruteforce,45,7024,156.0888888888889,66,1186,0.9741740226745605,46.192978823695256,7210.210739058567,45,0,0,2,44,0,2,27,0,10,10,2,2,0,0,19,0,0,22,152.69565217391303,0.0,0.0,2.3978952727983707,0.21739130434782608,0,190,4
attack_bruteforce,15,1670,111.33333333333333,66,150,0.6925010681152344,21.660616410058665,2411.5486269865314,15,0,0,0,15,0,0,10,0,6,6,2,2,0,0,5,0,0,22,104.375,0.0,0.0,1.9459101490553132,0.375,0,30,4
attack_bruteforce,45,7024,156.0888888888889,66,1186,0.9818439483642578,45.83213052845063,7153.886329596382,45,0,0,2,44,0,2,27,0,10,10,2,2,0,0,19,0,0,22,152.69565217391303,0.0,0.0,2.3978952727983707,0.21739130434782608,0,190,4
attack_bruteforce,57,10374,182.0,66,1186,0.6918649673461914,82.38601850103312,14994.255367188027,57,0,0,4,55,0,4,32,0,8,8,2,2,0,0,27,0,0,22,178.86206896551724,0.0,0.0,2.1972245773362196,0.13793103448275862,0,216,4
attack_bruteforce,24,2672,111.33333333333333,66,150,0.9791350364685059,24.51143009503773,2728.939217247534,24,0,0,0,24,0,0,16,0,9,9,2,2,0,0,8,0,0,22,106.88,0.0,0.0,2.302585092994046,0.36,0,72,4
attack_bruteforce,15,1670,111.33333333333333,66,150,0.6687369346618652,22.430344762674846,2497.2450502444663,15,0,0,0,15,0,0,10,0,6,6,2,2,0,0,5,0,0,22,104.375,0.0,0.0,1.9459101490553132,0.375,0,30,4
attack_bruteforce,124,21027,169.57258064516128,66,1186,0.9911270141601562,125.11010014702599,21215.24254670577,124,0,0,14,117,3,8,61,0,16,16,2,2,0,0,61,0,0,22,168.216,0.2,3.023806384850356,2.833213344056216,0.128,183,976,4
attack_bruteforce,8,820,102.5,66,150,0.04580497741699219,174.65350822402664,17901.98459296273,8,0,0,0,8,0,0,5,0,2,2,2,2,0,0,3,0,0,38568,91.11111111111111,0.0,0.0,1.0986122886681098,0.2222222222222222,0,6,4
attack_bruteforce,102,16909,165.77450980392157,60,1186,0.8437759876251221,120.88516560786177,20039.679071209164,102,0,0,8,97,2,6,53,0,14,14,2,2,0,0,48,0,0,22,164.16504854368932,0.2222222222222222,2.3674915353862076,2.70805020110221,0.13592233009708737,96,672,4
attack_bruteforce,45,7024,156.0888888888889,66,1186,0.9790809154510498,45.96147191702648,7174.075083226533,45,0,0,2,44,0,2,27,0,10,10,2,2,0,0,19,0,0,22,152.69565217391303,0.0,0.0,2.3978952727983707,0.21739130434782608,0,190,4
attack_bruteforce,36,6022,167.27777777777777,66,1186,0.6525459289550781,55.16853052419897,9228.469189353505,36,0,0,2,35,0,2,21,0,7,7,2,2,0,0,16,0,0,22,162.75675675675674,0.0,0.0,2.0794415416798357,0.1891891891891892,0,112,4
attack_bruteforce,24,2672,111.33333333333333,66,150,0.9797990322113037,24.494819050631758,2727.0898543036687,24,0,0,0,24,0,0,16,0,9,9,2,2,0,0,8,0,0,22,106.88,0.0,0.0,2.302585092994046,0.36,0,72,4
attack_bruteforce,15,1670,111.33333333333333,66,150,0.610375165939331,24.57504963675233,2736.0221928917595,15,0,0,0,15,0,0,10,0,6,6,2,2,0,0,5,0,0,22,104.375,0.0,0.0,1.9459101490553132,0.375,0,30,4
attack_bruteforce,61,8196,134.36065573770492,60,1186,0.98213791847229,62.109403224024945,8345.060144657517,61,0,0,6,57,3,2,31,0,12,12,2,2,0,0,27,0,0,22,132.19354838709677,0.42857142857142855,3.051453863829946,2.5649493574615367,0.1935483870967742,81,324,4
attack_bruteforce,16,1736,108.5,66,150,0.6181449890136719,25.883895015520572,2808.402609183982,16,0,0,0,16,0,0,10,0,6,7,2,2,0,0,5,0,0,22,102.11764705882354,0.0,0.0,1.9459101490553132,0.4117647058823529,0,30,4
attack_bruteforce,41,6135,149.6341463414634,60,1186,0.3034060001373291,135.13246271149015,20220.430700853463,41,0,0,4,38,2,2,19,0,6,6,2,2,0,0,18,0,0,22,146.07142857142858,0.4,6.570172726877013,1.9459101490553132,0.14285714285714285,36,108,4
attack_bruteforce,73,12110,165.8904109589041,66,1186,0.9037899971008301,80.77097581757796,13399.130371929714,73,0,0,4,71,0,4,42,0,13,13,2,2,0,0,31,0,0,22,163.64864864864865,0.0,0.0,2.6390573296152584,0.17567567567567569,0,403,4
attack_bruteforce,67,11442,170.77611940298507,66,1186,0.9628300666809082,69.58652655183907,11883.71696725586,67,0,0,4,65,0,4,38,0,11,11,2,2,0,0,30,0,0,22,168.26470588235293,0.0,0.0,2.4849066497880004,0.16176470588235295,0,330,4
attack_bruteforce,16,1736,108.5,66,150,0.5382070541381836,29.72833573432137,3225.524427173869,16,0,0,0,16,0,0,10,0,6,7,2,2,0,0,5,0,0,22,102.11764705882354,0.0,0.0,1.9459101490553132,0.4117647058823529,0,30,4
attack_bruteforce,73,11398,156.13698630136986,60,1186,0.7213571071624756,101.19814343710038,15800.773135562606,73,0,0,8,66,4,6,34,0,9,9,2,2,0,0,35,0,0,22,154.02702702702703,0.4444444444444444,5.537427347690376,2.302585092994046,0.12162162162162163,140,315,4
attack_bruteforce,62,8419,135.79032258064515,66,1186,0.986785888671875,62.830245863615275,8531.739353641566,62,0,0,4,60,1,4,32,0,13,13,2,2,0,0,27,0,0,22,133.63492063492063,0.2,1.0123651405311604,2.6390573296152584,0.20634920634920634,27,351,4
attack_bruteforce,54,9964,184.5185185185185,66,1186,0.48503899574279785,111.33125475262743,20542.67819176259,54,0,0,4,52,0,2,29,0,6,7,2,2,0,0,25,0,0,22,181.16363636363636,0.0,0.0,1.9459101490553132,0.12727272727272726,0,150,4
attack_bruteforce,48,7358,153.29166666666666,66,1186,0.9914679527282715,48.4130625381446,7421.319044909749,48,0,0,2,47,0,2,29,0,11,11,2,2,0,0,20,0,0,22,150.16326530612244,0.0,0.0,2.4849066497880004,0.22448979591836735,0,220,4
attack_bruteforce,6,668,111.33333333333333,66,150,0.019209861755371094,312.33957205977265,34773.80568932135,6,0,0,0,6,0,0,4,0,3,3,2,2,0,0,2,0,0,55306,95.42857142857143,0.0,0.0,1.3862943611198906,0.42857142857142855,0,6,4
attack_bruteforce,27,3006,111.33333333333333,66,150,0.9932219982147217,27.184254928436403,3026.5137153659193,27,0,0,0,27,0,0,18,0,10,10,2,2,0,0,9,0,0,22,107.35714285714286,0.0,0.0,2.3978952727983707,0.35714285714285715,0,90,4
attack_bruteforce,35,5832,166.62857142857143,66,1186,0.5522739887237549,63.37434084281462,10559.975879865568,35,0,0,2,34,0,3,19,0,6,6,2,2,0,0,15,0,0,22,162.0,0.0,0.0,1.9459101490553132,0.16666666666666666,0,90,4
attack_bruteforce,77,12287,159.57142857142858,60,1186,0.99686598777771,77.24207761532149,12325.628670902015,77,0,0,6,72,2,6,42,0,13,13,2,2,0,0,36,0,0,22,157.52564102564102,0.2857142857142857,2.0042771519390947,2.6390573296152584,0.16666666666666666,72,468,4
attack_bruteforce,14,1468,104.85714285714286,66,150,0.5955109596252441,23.50922308602048,2465.1099635912906,14,0,0,0,14,0,0,8,0,5,7,2,2,0,0,4,0,0,22,97.86666666666666,0.0,0.0,1.791759469228055,0.4666666666666667,0,20,4
attack_bruteforce,58,10556,182.0,66,1186,0.9956560134887695,58.253050465459985,10602.055184713718,58,0,0,4,56,0,4,33,0,11,11,2,2,0,0,27,0,0,22,178.91525423728814,0.0,0.0,2.4849066497880004,0.1864406779661017,0,297,4
attack_bruteforce,44,6842,155.5,66,1186,0.5975229740142822,73.6373359912824,11450.605746644413,44,0,0,2,43,0,2,26,0,8,8,2,2,0,0,19,0,0,22,152.04444444444445,0.0,0.0,2.1972245773362196,0.17777777777777778,0,152,4
attack_bruteforce,101,13762,136.25742574257427,60,1186,0.9998691082000732,101.01322180241812,13763.80156876117,101,0,0,12,91,8,6,44,0,14,15,2,2,0,0,46,0,0,22,134.92156862745097,0.6153846153846154,7.993053171944642,2.70805020110221,0.14705882352941177,368,644,4
attack_bruteforce,37,6232,168.43243243243242,66,1186,0.5931730270385742,62.37640336534365,10506.209345211395,37,0,0,2,36,0,0,23,0,8,8,2,2,0,0,16,0,0,22,164.0,0.0,0.0,2.1972245773362196,0.21052631578947367,0,128,4
attack_bruteforce,75,12378,165.04,66,1186,0.9800839424133301,76.52405753666588,12629.530455851336,75,0,0,4,73,0,4,44,0,14,14,2,2,0,0,33,0,0,22,162.8684210526316,0.0,0.0,2.70805020110221,0.18421052631578946,0,462,4
attack_bruteforce,6,668,111.33333333333333,66,150,0.32369399070739746,18.536025296261023,2063.6774829837273,6,0,0,0,6,0,0,4,0,3,3,2,2,0,0,2,0,0,55312,95.42857142857143,0.0,0.0,1.3862943611198906,0.42857142857142855,0,6,4
attack_bruteforce,48,7358,153.29166666666666,66,1186,0.9667320251464844,49.65181534430577,7611.209527154205,48,0,0,2,47,0,2,29,0,11,11,2,2,0,0,20,0,0,22,150.16326530612244,0.0,0.0,2.4849066497880004,0.22448979591836735,0,220,4
attack_bruteforce,46,6378,138.65217391304347,60,1186,0.4606308937072754,99.8630370398742,13846.22717913734,46,0,0,6,40,4,4,19,0,6,6,2,2,0,0,22,0,0,22,135.70212765957447,0.5714285714285714,8.664931343473816,1.9459101490553132,0.1276595744680851,88,132,4
attack_bruteforce,30,3340,111.33333333333333,66,150,0.7096569538116455,42.27394636079686,4706.499361502051,30,0,0,0,30,0,0,20,0,11,11,2,2,0,0,10,0,0,22,107.74193548387096,0.0,0.0,2.4849066497880004,0.3548387096774194,0,110,4
attack_bruteforce,57,8224,144.28070175438597,66,1186,0.9756591320037842,58.42204324263827,8429.173396972932,57,0,0,2,56,0,2,33,0,13,13,2,2,0,0,22,0,0,22,141.79310344827587,0.0,0.0,2.6390573296152584,0.22413793103448276,0,286,4
attack_bruteforce,59,10289,174.38983050847457,60,1186,0.9622151851654053,61.31684565948507,10693.034321871895,59,0,0,6,55,2,4,30,0,7,7,2,2,0,0,29,0,0,22,171.48333333333332,0.2857142857142857,2.0763792253301694,2.0794415416798357,0.11666666666666667,58,203,4
attack_bruteforce,83,12765,153.79518072289156,60,1186,0.8719851970672607,95.1851020856238,14639.009977385394,83,0,0,6,79,2,6,43,0,14,15,2,2,0,0,37,0,0,22,151.96428571428572,0.2857142857142857,2.2909895914831946,2.70805020110221,0.17857142857142858,74,518,4
attack_bruteforce,28,5146,183.78571428571428,66,1186,0.3282589912414551,85.29850132697277,15676.64599387864,28,0,0,2,27,0,0,16,0,4,4,2,2,0,0,12,0,0,22,177.44827586206895,0.0,0.0,1.6094379124341003,0.13793103448275862,0,48,4
attack_bruteforce,9,1002,111.33333333333333,66,150,0.9822068214416504,9.163039599735319,1020.1517421038654,9,0,0,0,9,0,0,6,0,4,4,2,2,0,0,3,0,0,22,100.2,0.0,0.0,1.6094379124341003,0.4,0,12,4
attack_bruteforce,48,7358,153.29166666666666,66,1186,0.9917950630187988,48.397095115495844,7418.87137207955,48,0,0,2,47,0,2,29,0,11,11,2,2,0,0,20,0,0,22,150.16326530612244,0.0,0.0,2.4849066497880004,0.22448979591836735,0,220,4
attack_bruteforce,6,668,111.33333333333333,66,150,0.09044814109802246,66.33635503351636,7385.447527064821,6,0,0,0,6,0,0,4,0,3,3,2,2,0,0,2,0,0,45732,95.42857142857143,0.0,0.0,1.3862943611198906,0.42857142857142855,0,6,4
attack_bruteforce,106,17249,162.72641509433961,60,1186,0.9954450130462646,106.48503795866975,17327.928488199006,106,0,0,8,101,2,8,54,0,15,15,2,2,0,0,47,0,0,22,161.20560747663552,0.2222222222222222,2.007135339947896,2.772588722239781,0.14018691588785046,94,705,4
attack_bruteforce,30,5414,180.46666666666667,66,1186,0.43238115310668945,69.38322770187335,12521.359825931411,30,0,0,2,29,0,0,18,0,5,6,2,2,0,0,13,0,0,22,174.6451612903226,0.0,0.0,1.791759469228055,0.1935483870967742,0,65,4
attack_bruteforce,42,6690,159.28571428571428,66,1186,0.9856760501861572,42.61034849336937,6787.21979572955,42,0,0,2,41,0,2,25,0,9,9,2,2,0,0,18,0,0,22,155.58139534883722,0.0,0.0,2.302585092994046,0.20930232558139536,0,162,4
attack_bruteforce,9,1002,111.33333333333333,66,150,0.1643080711364746,54.7751546089576,6098.3005464639455,9,0,0,0,9,0,0,6,0,4,4,2,2,0,0,3,0,0,22,100.2,0.0,0.0,1.6094379124341003,0.4,0,12,4
attack_bruteforce,24,2672,111.33333333333333,66,150,0.7252500057220459,33.092036967453765,3684.2467823765196,24,0,0,0,24,0,0,16,0,9,9,2,2,0,0,8,0,0,22,106.88,0.0,0.0,2.302585092994046,0.36,0,72,4
attack_bruteforce,6,668,111.33333333333333,66,150,0.7948770523071289,7.548337170616529,840.3815383286402,6,0,0,0,6,0,0,4,0,3,3,2,2,0,0,2,0,0,45766,95.42857142857143,0.0,0.0,1.3862943611198906,0.42857142857142855,0,6,4
attack_bruteforce,30,3340,111.33333333333333,66,150,0.9666011333465576,31.03658682473739,3455.4066664874294,30,0,0,0,30,0,0,20,0,11,11,2,2,0,0,10,0,0,22,107.74193548387096,0.0,0.0,2.4849066497880004,0.3548387096774194,0,110,4
attack_bruteforce,61,10415,170.7377049180328,60,1186,0.8758611679077148,69.64574094056339,11891.153965507667,61,0,0,6,56,2,6,30,0,7,7,2,2,0,0,29,0,0,22,167.98387096774192,0.2857142857142857,2.2808627787363593,2.0794415416798357,0.11290322580645161,58,203,4
attack_bruteforce,42,6337,150.88095238095238,60,1186,0.4658379554748535,90.16010719261197,13603.44283999005,42,0,0,4,39,2,2,21,0,7,7,2,2,0,0,19,0,0,22,147.37209302325581,0.4,4.2841418024069196,2.0794415416798357,0.16279069767441862,38,133,4
attack_bruteforce,116,14939,128.7844827586207,60,1186,0.8682241439819336,133.60605185199017,17206.38628118001,116,0,0,14,102,11,7,48,0,16,16,2,2,0,0,52,0,0,22,127.68376068376068,0.7333333333333333,12.654963712361663,2.833213344056216,0.13675213675213677,572,832,4
attack_bruteforce,57,7871,138.08771929824562,60,1186,0.9964511394500732,57.203005489519,7899.032565052702,57,0,0,4,54,2,2,29,0,11,11,2,2,0,0,24,0,0,22,135.70689655172413,0.4,2.0051107476830032,2.4849066497880004,0.1896551724137931,48,264,4
attack_bruteforce,66,11240,170.3030303030303,66,1186,0.6880269050598145,95.92648123878558,16336.57044127197,66,0,0,4,64,0,4,36,0,10,10,2,2,0,0,31,0,0,22,167.76119402985074,0.0,0.0,2.3978952727983707,0.14925373134328357,0,310,4
attack_bruteforce,92,16206,176.15217391304347,66,1186,0.9712259769439697,94.72563768267857,16686.127003103138,92,0,0,6,89,0,7,51,0,13,13,2,2,0,0,42,0,0,22,174.25806451612902,0.0,0.0,2.6390573296152584,0.13978494623655913,0,546,4
attack_bruteforce,12,1336,111.33333333333333,66,150,0.37038683891296387,32.39855939595047,3607.0396127491526,12,0,0,0,12,0,0,8,0,5,5,2,2,0,0,4,0,0,22,102.76923076923077,0.0,0.0,1.791759469228055,0.38461538461538464,0,20,4
attack_bruteforce,6,668,111.33333333333333,66,150,0.01906299591064453,314.74591025063785,35041.71134123768,6,0,0,0,6,0,0,4,0,3,3,2,2,0,0,2,0,0,42048,95.42857142857143,0.0,0.0,1.3862943611198906,0.42857142857142855,0,6,4
attack_bruteforce,77,12169,158.03896103896105,60,1186,0.9015560150146484,85.40789337282487,13497.77473316761,77,0,0,6,73,2,5,40,0,12,12,2,2,0,0,33,0,0,22,156.01282051282053,0.2857142857142857,2.2159289470444006,2.5649493574615367,0.15384615384615385,66,396,4
attack_bruteforce,9,1002,111.33333333333333,66,150,0.14507508277893066,62.036842079314496,6906.7684181636805,9,0,0,0,9,0,0,6,0,4,4,2,2,0,0,3,0,0,22,100.2,0.0,0.0,1.6094379124341003,0.4,0,12,4
attack_bruteforce,15,1670,111.33333333333333,66,150,0.3906588554382324,38.39667216342334,4274.829500861131,15,0,0,0,15,0,0,10,0,6,6,2,2,0,0,5,0,0,22,104.375,0.0,0.0,1.9459101490553132,0.375,0,30,4
attack_bruteforce,24,2672,111.33333333333333,66,150,0.9515490531921387,25.222031296744795,2808.052817704254,24,0,0,0,24,0,0,16,0,9,9,2,2,0,0,8,0,0,22,106.88,0.0,0.0,2.302585092994046,0.36,0,72,4
attack_bruteforce,9,1002,111.33333333333333,66,150,0.14370417594909668,62.62866016634065,6972.657498519259,9,0,0,0,9,0,0,6,0,4,4,2,2,0,0,3,0,0,22,100.2,0.0,0.0,1.6094379124341003,0.4,0,12,4
attack_bruteforce,9,1002,111.33333333333333,66,150,0.38733601570129395,23.235639432354326,2586.9011901354484,9,0,0,0,9,0,0,6,0,4,4,2,2,0,0,3,0,0,22,100.2,0.0,0.0,1.6094379124341003,0.4,0,12,4
attack_bruteforce,63,10553,167.5079365079365,60,1186,0.27226996421813965,231.38799088953164,38759.32488662266,63,0,0,6,59,2,4,30,0,7,7,2,2,0,0,29,0,0,22,164.890625,0.2857142857142857,7.3187699413737475,2.0794415416798357,0.109375,58,203,4
attack_bruteforce,105,17243,164.21904761904761,60,1186,0.9522891044616699,110.26063357026081,18106.89623478102,105,0,0,8,100,2,6,55,0,15,15,2,2,0,0,47,0,0,22,162.66981132075472,0.2222222222222222,2.0979994323227014,2.772588722239781,0.14150943396226415,94,705,4
attack_bruteforce,32,5498,171.8125,66,1186,0.1989598274230957,160.83648852363936,27633.719184467787,32,0,0,2,31,0,3,17,0,5,5,2,2,0,0,14,0,0,22,166.6060606060606,0.0,0.0,1.791759469228055,0.15151515151515152,0,70,4
attack_bruteforce,30,3340,111.33333333333333,66,150,0.9185149669647217,32.66141661157302,3636.304382755129,30,0,0,0,30,0,0,20,0,11,11,2,2,0,0,10,0,0,22,107.74193548387096,0.0,0.0,2.4849066497880004,0.3548387096774194,0,110,4
attack_bruteforce,113,20682,183.02654867256638,66,1186,0.9799890518188477,115.30741061879557,21104.317401928583,113,0,0,8,109,0,8,64,0,15,15,2,2,0,0,54,0,0,22,181.42105263157896,0.0,0.0,2.772588722239781,0.13157894736842105,0,810,4
attack_bruteforce,10,1068,106.8,66,150,0.3678150177001953,27.187579404794622,2903.633480432066,10,0,0,0,10,0,0,6,0,4,5,2,2,0,0,3,0,0,22,97.0909090909091,0.0,0.0,1.6094379124341003,0.45454545454545453,0,12,4
attack_bruteforce,72,11555,160.48611111111111,60,1186,0.8321640491485596,86.52140172802204,13885.483291212426,72,0,0,6,68,2,4,36,0,10,10,2,2,0,0,31,0,0,22,158.2876712328767,0.2857142857142857,2.400487637511331,2.3978952727983707,0.136986301369863,62,310,4
attack_bruteforce,30,3340,111.33333333333333,66,150,0.90277099609375,33.23101886282198,3699.720100060848,30,0,0,0,30,0,0,20,0,11,11,2,2,0,0,10,0,0,22,107.74193548387096,0.0,0.0,2.4849066497880004,0.3548387096774194,0,110,4
attack_bruteforce,9,1002,111.33333333333333,66,150,0.11932182312011719,75.42626960149619,8397.458015633243,9,0,0,0,9,0,0,6,0,4,4,2,2,0,0,3,0,0,22,100.2,0.0,0.0,1.6094379124341003,0.4,0,12,4
attack_bruteforce,55,7791,141.65454545454546,60,1186,0.9992120265960693,55.04337271376109,7797.143942052957,55,0,0,4,52,2,2,30,0,11,12,2,2,0,0,23,0,0,22,139.125,0.4,1.9995760366993571,2.4849066497880004,0.21428571428571427,46,253,4
attack_bruteforce,11,1218,110.72727272727273,66,150,0.9788818359375,11.237311385459533,1244.2768424990647,11,0,0,0,11,0,0,7,0,5,5,2,2,0,0,4,0,0,22,101.5,0.0,0.0,1.791759469228055,0.4166666666666667,0,20,4
attack_bruteforce,6,668,111.33333333333333,66,150,0.9295730590820312,6.454576045830222,718.6094664357646,6,0,0,0,6,0,0,4,0,3,3,2,2,0,0,2,0,0,57846,95.42857142857143,0.0,0.0,1.3862943611198906,0.42857142857142855,0,6,4
attack_bruteforce,9,1002,111.33333333333333,66,150,0.113861083984375,79.04368801929778,8800.197266148485,9,0,0,0,9,0,0,6,0,4,4,2,2,0,0,3,0,0,22,100.2,0.0,0.0,1.6094379124341003,0.4,0,12,4
attack_bruteforce,45,7024,156.0888888888889,66,1186,0.9200758934020996,48.90900883578927,7634.152845835197,45,0,0,2,44,0,2,27,0,10,10,2,2,0,0,19,0,0,22,152.69565217391303,0.0,0.0,2.3978952727983707,0.21739130434782608,0,190,4
attack_bruteforce,76,11542,151.8684210526316,60,1186,0.9758768081665039,77.87868239515832,11827.31252901207,76,0,0,8,70,4,6,33,0,9,9,2,2,0,0,34,0,0,22,149.8961038961039,0.4444444444444444,4.094682120161685,2.302585092994046,0.11688311688311688,136,306,4
attack_bruteforce,23,4680,203.47826086956522,66,1186,0.13197708129882812,174.2726826025378,35460.702373038126,23,0,0,2,22,0,0,14,0,3,3,2,2,0,0,11,0,0,22,195.0,0.0,0.0,1.3862943611198906,0.125,0,33,4
attack_bruteforce,78,12217,156.62820512820514,60,1186,0.9840309619903564,79.26579854990824,12415.259754926012,78,0,0,6,73,2,6,40,0,12,12,2,2,0,0,34,0,0,22,154.64556962025316,0.2857142857142857,2.030393030447281,2.5649493574615367,0.1518987341772152,68,408,4
attack_bruteforce,15,1670,111.33333333333333,66,150,0.9972670078277588,15.04110722831683,1674.5766047526072,15,0,0,0,15,0,0,10,0,6,6,2,2,0,0,5,0,0,22,104.375,0.0,0.0,1.9459101490553132,0.375,0,30,4
attack_bruteforce,15,1670,111.33333333333333,66,150,0.7089779376983643,21.157216892666938,2355.503480716919,15,0,0,0,15,0,0,10,0,6,6,2,2,0,0,5,0,0,22,104.375,0.0,0.0,1.9459101490553132,0.375,0,30,4
attack_bruteforce,15,1670,111.33333333333333,66,150,0.5516471862792969,27.191292501953516,3027.297231884158,15,0,0,0,15,0,0,10,0,6,6,2,2,0,0,5,0,0,22,104.375,0.0,0.0,1.9459101490553132,0.375,0,30,4
attack_bruteforce,76,14438,189.97368421052633,66,1186,0.9612369537353516,79.06479219787089,15020.229865169209,76,0,0,6,73,0,6,40,0,10,10,2,2,0,0,36,0,0,22,187.5064935064935,0.0,0.0,2.3978952727983707,0.12987012987012986,0,360,4
attack_bruteforce,95,16412,172.7578947368421,66,1186,0.9810690879821777,96.83313964706814,16728.68934618613,95,0,0,6,92,0,6,52,0,12,12,2,2,0,0,43,0,0,22,170.95833333333334,0.0,0.0,2.5649493574615367,0.125,0,516,4
attack_bruteforce,9,1002,111.33333333333333,66,150,0.7247419357299805,12.418213375406443,1382.561089128584,9,0,0,0,9,0,0,6,0,4,4,2,2,0,0,3,0,0,22,100.2,0.0,0.0,1.6094379124341003,0.4,0,12,4
attack_bruteforce,46,7090,154.1304347826087,66,1186,0.9740519523620605,47.22540711350224,7278.8725311898015,46,0,0,2,45,0,2,27,0,10,10,2,2,0,0,19,0,0,22,150.85106382978722,0.0,0.0,2.3978952727983707,0.2127659574468085,0,190,4
attack_bruteforce,10,1068,106.8,66,150,0.4960048198699951,20.16109440755241,2153.2048827265976,10,0,0,0,10,0,0,6,0,4,5,2,2,0,0,3,0,0,22,97.0909090909091,0.0,0.0,1.6094379124341003,0.45454545454545453,0,12,4
attack_bruteforce,15,1670,111.33333333333333,66,150,0.2998981475830078,50.016981168075404,5568.557236712395,15,0,0,0,15,0,0,10,0,6,6,2,2,0,0,5,0,0,22,104.375,0.0,0.0,1.9459101490553132,0.375,0,30,4
attack_bruteforce,43,6756,157.11627906976744,66,1186,0.9952130317687988,43.20682972124653,6788.496316203291,43,0,0,2,42,0,2,25,0,10,10,2,2,0,0,18,0,0,22,153.54545454545453,0.0,0.0,2.3978952727983707,0.22727272727272727,0,180,4
attack_bruteforce,39,6356,162.97435897435898,66,1186,0.9488508701324463,41.10234940771688,6698.629047062782,39,0,0,2,38,0,2,23,0,8,8,2,2,0,0,17,0,0,22,158.9,0.0,0.0,2.1972245773362196,0.2,0,136,4
attack_bruteforce,46,7350,159.7826086956522,66,1186,0.9868152141571045,46.614603565158085,7448.202960954607,45,1,0,2,44,0,2,27,0,11,11,3,3,0,0,19,0,0,22,156.38297872340425,0.0,0.0,2.4849066497880004,0.23404255319148937,0,209,4
attack_bruteforce,66,8602,130.33333333333334,60,1186,0.9012792110443115,73.22924926175303,9544.212153781811,66,0,0,6,62,3,4,32,0,13,13,2,2,0,0,29,0,0,22,128.38805970149255,0.42857142857142855,3.324913134735483,2.6390573296152584,0.19402985074626866,87,377,4
attack_bruteforce,53,10034,189.32075471698113,66,1186,0.6099839210510254,86.8875361643615,16449.61392213591,53,0,0,4,51,0,2,31,0,7,7,2,2,0,0,25,0,0,22,185.8148148148148,0.0,0.0,2.0794415416798357,0.12962962962962962,0,175,4
attack_bruteforce,24,2672,111.33333333333333,66,150,0.8873279094696045,27.047498161469836,3011.288128643642,24,0,0,0,24,0,0,16,0,9,9,2,2,0,0,8,0,0,22,106.88,0.0,0.0,2.302585092994046,0.36,0,72,4
attack_bruteforce,15,1670,111.33333333333333,66,150,0.6070630550384521,24.709130090365786,2750.949816727391,15,0,0,0,15,0,0,10,0,6,6,2,2,0,0,5,0,0,22,104.375,0.0,0.0,1.9459101490553132,0.375,0,30,4
attack_bruteforce,24,4686,195.25,66,1186,0.12496614456176758,192.052016041332,37498.15613207007,24,0,0,2,23,0,2,13,0,3,3,2,2,0,0,12,0,0,22,187.44,0.0,0.0,1.3862943611198906,0.12,0,36,4
attack_bruteforce,142,22468,158.22535211267606,60,1186,0.9728431701660156,145.96391726301343,23095.192204685816,142,0,0,16,131,6,10,66,0,17,17,2,2,0,0,68,0,0,22,157.11888111888112,0.35294117647058826,6.161156317374133,2.8903717578961645,0.11888111888111888,408,1156,4
attack_bruteforce,36,6525,181.25,60,1186,0.552832841873169,65.11914139909064,11802.844378585176,36,0,0,0,35,1,3,21,0,6,6,2,2,0,0,15,0,0,22,176.35135135135135,1.0,1.8055989540414543,1.9459101490553132,0.16216216216216217,15,90,4
attack_bruteforce,16,1264,79.0,66,118,0.1862320899963379,85.91430188167156,6787.229848652053,16,0,0,0,16,0,8,4,0,5,5,2,2,0,0,8,0,0,22,74.3529411764706,0.0,0.0,1.791759469228055,0.29411764705882354,0,40,4
attack_bruteforce,49,6636,135.42857142857142,60,1186,0.6028988361358643,81.27399998655457,11006.82171246482,49,0,0,2,46,2,13,19,0,9,9,2,2,0,0,25,0,0,22,132.72,0.6666666666666666,3.311812973174936,2.302585092994046,0.18,50,225,4
attack_bruteforce,2,178,89.0,60,118,0.0001289844512939453,15505.744916820702,1380011.2975970425,2,0,0,0,1,1,0,1,0,2,2,2,2,0,0,1,0,0,51646,59.333333333333336,1.0,885.7517912260754,1.0986122886681098,0.6666666666666666,1,2,4
attack_bruteforce,1,326,326.0,326,326,0.001,1000.0,326000.0,0,1,0,0,0,0,0,0,0,1,1,1,1,0,0,0,0,0,67,163.0,0.0,0.0,0.6931471805599453,0.5,0,0,4
